season,driver,raw_probability,calibrated_probability
2021,Lewis Hamilton,87.49,54.37
2021,Max Verstappen,12.51,38.4167
2021,Carlos Sainz,0.0,0.4007
2021,Daniel Ricciardo,0.0,0.4007
2021,Valtteri Bottas,0.0,0.4007
2021,Fernando Alonso,0.0,0.4007
2021,Lando Norris,0.0,0.4007
2021,Kimi Räikkönen,0.0,0.4007
2021,Sergio Pérez,0.0,0.4007
2021,George Russell,0.0,0.4007
2021,Lance Stroll,0.0,0.4007
2021,Sebastian Vettel,0.0,0.4007
2021,Pierre Gasly,0.0,0.4007
2021,Esteban Ocon,0.0,0.4007
2021,Charles Leclerc,0.0,0.4007
2021,Antonio Giovinazzi,0.0,0.4007
2021,Yuki Tsunoda,0.0,0.4007
2021,Nikita Mazepin,0.0,0.4007
2021,Nicholas Latifi,0.0,0.4007
2021,Mick Schumacher,0.0,0.4007
2022,Max Verstappen,99.96,72.6285
2022,Charles Leclerc,0.04,17.9623
2022,George Russell,0.0,0.5227
2022,Lewis Hamilton,0.0,0.5227
2022,Sergio Pérez,0.0,0.5227
2022,Fernando Alonso,0.0,0.5227
2022,Lando Norris,0.0,0.5227
2022,Carlos Sainz,0.0,0.5227
2022,Esteban Ocon,0.0,0.5227
2022,Lance Stroll,0.0,0.5227
2022,Pierre Gasly,0.0,0.5227
2022,Alexander Albon,0.0,0.5227
2022,Mick Schumacher,0.0,0.5227
2022,Sebastian Vettel,0.0,0.5227
2022,Kevin Magnussen,0.0,0.5227
2022,Guanyu Zhou,0.0,0.5227
2022,Daniel Ricciardo,0.0,0.5227
2022,Nicholas Latifi,0.0,0.5227
2022,Valtteri Bottas,0.0,0.5227
2022,Yuki Tsunoda,0.0,0.5227
2023,Max Verstappen,100.0,87.9708
2023,Carlos Sainz,0.0,0.6331
2023,Lewis Hamilton,0.0,0.6331
2023,Lando Norris,0.0,0.6331
2023,Charles Leclerc,0.0,0.6331
2023,Pierre Gasly,0.0,0.6331
2023,Oscar Piastri,0.0,0.6331
2023,Sergio Pérez,0.0,0.6331
2023,Liam Lawson,0.0,0.6331
2023,Kevin Magnussen,0.0,0.6331
2023,Alexander Albon,0.0,0.6331
2023,Guanyu Zhou,0.0,0.6331
2023,Nico Hülkenberg,0.0,0.6331
2023,Logan Sargeant,0.0,0.6331
2023,Fernando Alonso,0.0,0.6331
2023,George Russell,0.0,0.6331
2023,Valtteri Bottas,0.0,0.6331
2023,Esteban Ocon,0.0,0.6331
2023,Yuki Tsunoda,0.0,0.6331
2023,Lance Stroll,0.0,0.6331
2024,Max Verstappen,99.32,64.92
2024,Lando Norris,0.68,26.6597
2024,Charles Leclerc,0.0,0.4678
2024,Oscar Piastri,0.0,0.4678
2024,Carlos Sainz,0.0,0.4678
2024,Sergio Pérez,0.0,0.4678
2024,George Russell,0.0,0.4678
2024,Lewis Hamilton,0.0,0.4678
2024,Pierre Gasly,0.0,0.4678
2024,Fernando Alonso,0.0,0.4678
2024,Nico Hülkenberg,0.0,0.4678
2024,Daniel Ricciardo,0.0,0.4678
2024,Lance Stroll,0.0,0.4678
2024,Alexander Albon,0.0,0.4678
2024,Esteban Ocon,0.0,0.4678
2024,Logan Sargeant,0.0,0.4678
2024,Yuki Tsunoda,0.0,0.4678
2024,Kevin Magnussen,0.0,0.4678
2024,Valtteri Bottas,0.0,0.4678
2024,Guanyu Zhou,0.0,0.4678
2025,Oscar Piastri,98.91,63.4163
2025,Lando Norris,1.09,28.3525
2025,Isack Hadjar,0.0,0.4573
2025,Max Verstappen,0.0,0.4573
2025,George Russell,0.0,0.4573
2025,Alexander Albon,0.0,0.4573
2025,Lance Stroll,0.0,0.4573
2025,Oliver Bearman,0.0,0.4573
2025,Yuki Tsunoda,0.0,0.4573
2025,Esteban Ocon,0.0,0.4573
2025,Franco Colapinto,0.0,0.4573
2025,Fernando Alonso,0.0,0.4573
2025,Liam Lawson,0.0,0.4573
2025,Carlos Sainz,0.0,0.4573
2025,Gabriel Bortoleto,0.0,0.4573
2025,Nico Hülkenberg,0.0,0.4573
2025,Andrea Kimi Antonelli,0.0,0.4573
2025,Pierre Gasly,0.0,0.4573
2025,Charles Leclerc,0.0,0.4573
2025,Lewis Hamilton,0.0,0.4573
