season,round,constructor,position,points,wins
2018,1,Ferrari,1,40.0,1.0
2018,1,Mercedes,2,22.0,0.0
2018,1,Red Bull,3,20.0,0.0
2018,1,McLaren,4,12.0,0.0
2018,1,Renault,5,7.0,0.0
2018,1,Force India,6,0.0,0.0
2018,1,Haas F1 Team,7,0.0,0.0
2018,1,Sauber,8,0.0,0.0
2018,1,Toro Rosso,9,0.0,0.0
2018,1,Williams,10,0.0,0.0
2018,2,Ferrari,1,65.0,2.0
2018,2,Mercedes,2,55.0,0.0
2018,2,McLaren,3,22.0,0.0
2018,2,Red Bull,4,20.0,0.0
2018,2,Renault,5,15.0,0.0
2018,2,Toro Rosso,6,12.0,0.0
2018,2,Haas F1 Team,7,10.0,0.0
2018,2,Sauber,8,2.0,0.0
2018,2,Force India,9,1.0,0.0
2018,2,Williams,10,0.0,0.0
2018,3,Mercedes,1,85.0,0.0
2018,3,Ferrari,2,84.0,2.0
2018,3,Red Bull,3,55.0,1.0
2018,3,McLaren,4,28.0,0.0
2018,3,Renault,5,25.0,0.0
2018,3,Toro Rosso,6,12.0,0.0
2018,3,Haas F1 Team,7,11.0,0.0
2018,3,Sauber,8,2.0,0.0
2018,3,Force India,9,1.0,0.0
2018,3,Williams,10,0.0,0.0
2018,4,Ferrari,1,114.0,2.0
2018,4,Mercedes,2,110.0,1.0
2018,4,Red Bull,3,55.0,1.0
2018,4,McLaren,4,36.0,0.0
2018,4,Renault,5,35.0,0.0
2018,4,Force India,6,16.0,0.0
2018,4,Toro Rosso,7,13.0,0.0
2018,4,Haas F1 Team,8,11.0,0.0
2018,4,Sauber,9,10.0,0.0
2018,4,Williams,10,4.0,0.0
2018,5,Mercedes,1,153.0,2.0
2018,5,Ferrari,2,126.0,2.0
2018,5,Red Bull,3,80.0,1.0
2018,5,Renault,4,41.0,0.0
2018,5,McLaren,5,40.0,0.0
2018,5,Haas F1 Team,6,19.0,0.0
2018,5,Force India,7,18.0,0.0
2018,5,Toro Rosso,8,13.0,0.0
2018,5,Sauber,9,11.0,0.0
2018,5,Williams,10,4.0,0.0
2018,6,Mercedes,1,178.0,2.0
2018,6,Ferrari,2,156.0,2.0
2018,6,Red Bull,3,107.0,2.0
2018,6,Renault,4,46.0,0.0
2018,6,McLaren,5,40.0,0.0
2018,6,Force India,6,26.0,0.0
2018,6,Haas F1 Team,7,19.0,0.0
2018,6,Toro Rosso,8,19.0,0.0
2018,6,Sauber,9,11.0,0.0
2018,6,Williams,10,4.0,0.0
2018,7,Mercedes,1,206.0,2.0
2018,7,Ferrari,2,189.0,3.0
2018,7,Red Bull,3,134.0,2.0
2018,7,Renault,4,56.0,0.0
2018,7,McLaren,5,40.0,0.0
2018,7,Force India,6,28.0,0.0
2018,7,Haas F1 Team,7,19.0,0.0
2018,7,Toro Rosso,8,19.0,0.0
2018,7,Sauber,9,12.0,0.0
2018,7,Williams,10,4.0,0.0
2018,8,Mercedes,1,237.0,3.0
2018,8,Ferrari,2,214.0,3.0
2018,8,Red Bull,3,164.0,2.0
2018,8,Renault,4,62.0,0.0
2018,8,McLaren,5,40.0,0.0
2018,8,Force India,6,28.0,0.0
2018,8,Haas F1 Team,7,27.0,0.0
2018,8,Toro Rosso,8,19.0,0.0
2018,8,Sauber,9,13.0,0.0
2018,8,Williams,10,4.0,0.0
2018,9,Ferrari,1,247.0,3.0
2018,9,Mercedes,2,237.0,3.0
2018,9,Red Bull,3,189.0,3.0
2018,9,Renault,4,62.0,0.0
2018,9,Haas F1 Team,5,49.0,0.0
2018,9,McLaren,6,44.0,0.0
2018,9,Force India,7,42.0,0.0
2018,9,Toro Rosso,8,19.0,0.0
2018,9,Sauber,9,16.0,0.0
2018,9,Williams,10,4.0,0.0
2018,10,Ferrari,1,287.0,4.0
2018,10,Mercedes,2,267.0,3.0
2018,10,Red Bull,3,199.0,3.0
2018,10,Renault,4,70.0,0.0
2018,10,Haas F1 Team,5,51.0,0.0
2018,10,Force India,6,49.0,0.0
2018,10,McLaren,7,48.0,0.0
2018,10,Toro Rosso,8,19.0,0.0
2018,10,Sauber,9,16.0,0.0
2018,10,Williams,10,4.0,0.0
2018,11,Mercedes,1,310.0,4.0
2018,11,Ferrari,2,302.0,4.0
2018,11,Red Bull,3,211.0,3.0
2018,11,Renault,4,80.0,0.0
2018,11,Force India,5,59.0,0.0
2018,11,Haas F1 Team,6,59.0,0.0
2018,11,McLaren,7,48.0,0.0
2018,11,Toro Rosso,8,20.0,0.0
2018,11,Sauber,9,18.0,0.0
2018,11,Williams,10,4.0,0.0
2018,12,Mercedes,1,345.0,5.0
2018,12,Ferrari,2,335.0,4.0
2018,12,Red Bull,3,223.0,3.0
2018,12,Renault,4,82.0,0.0
2018,12,Haas F1 Team,5,66.0,0.0
2018,12,Force India,6,59.0,0.0
2018,12,McLaren,7,52.0,0.0
2018,12,Toro Rosso,8,28.0,0.0
2018,12,Sauber,9,18.0,0.0
2018,12,Williams,10,4.0,0.0
2018,13,Mercedes,1,375.0,5.0
2018,13,Ferrari,2,360.0,5.0
2018,13,Red Bull,3,238.0,3.0
2018,13,Renault,4,82.0,0.0
2018,13,Force India,5,77.0,0.0
2018,13,Haas F1 Team,6,76.0,0.0
2018,13,McLaren,7,52.0,0.0
2018,13,Toro Rosso,8,30.0,0.0
2018,13,Sauber,9,19.0,0.0
2018,13,Williams,10,4.0,0.0
2018,14,Mercedes,1,415.0,6.0
2018,14,Ferrari,2,390.0,5.0
2018,14,Red Bull,3,248.0,3.0
2018,14,Force India,4,91.0,0.0
2018,14,Renault,5,86.0,0.0
2018,14,Haas F1 Team,6,76.0,0.0
2018,14,McLaren,7,52.0,0.0
2018,14,Toro Rosso,8,30.0,0.0
2018,14,Sauber,9,19.0,0.0
2018,14,Williams,10,7.0,0.0
2018,15,Mercedes,1,452.0,7.0
2018,15,Ferrari,2,415.0,5.0
2018,15,Red Bull,3,274.0,3.0
2018,15,Force India,4,91.0,0.0
2018,15,Renault,5,91.0,0.0
2018,15,Haas F1 Team,6,76.0,0.0
2018,15,McLaren,7,58.0,0.0
2018,15,Toro Rosso,8,30.0,0.0
2018,15,Sauber,9,21.0,0.0
2018,15,Williams,10,7.0,0.0
2018,16,Mercedes,1,495.0,8.0
2018,16,Ferrari,2,442.0,5.0
2018,16,Red Bull,3,292.0,3.0
2018,16,Force India,4,94.0,0.0
2018,16,Renault,5,91.0,0.0
2018,16,Haas F1 Team,6,80.0,0.0
2018,16,McLaren,7,58.0,0.0
2018,16,Toro Rosso,8,30.0,0.0
2018,16,Sauber,9,27.0,0.0
2018,16,Williams,10,7.0,0.0
2018,17,Mercedes,1,538.0,9.0
2018,17,Ferrari,2,460.0,5.0
2018,17,Red Bull,3,319.0,3.0
2018,17,Force India,4,102.0,0.0
2018,17,Renault,5,92.0,0.0
2018,17,Haas F1 Team,6,84.0,0.0
2018,17,McLaren,7,58.0,0.0
2018,17,Toro Rosso,8,30.0,0.0
2018,17,Sauber,9,27.0,0.0
2018,17,Williams,10,7.0,0.0
2018,18,Mercedes,1,563.0,9.0
2018,18,Ferrari,2,497.0,6.0
2018,18,Red Bull,3,337.0,3.0
2018,18,Force India,4,106.0,0.0
2018,18,Renault,5,106.0,0.0
2018,18,Haas F1 Team,6,84.0,0.0
2018,18,McLaren,7,58.0,0.0
2018,18,Toro Rosso,8,32.0,0.0
2018,18,Sauber,9,28.0,0.0
2018,18,Williams,10,7.0,0.0
2018,19,Mercedes,1,585.0,9.0
2018,19,Ferrari,2,530.0,6.0
2018,19,Red Bull,3,362.0,4.0
2018,19,Renault,4,114.0,0.0
2018,19,Force India,5,106.0,0.0
2018,19,Haas F1 Team,6,84.0,0.0
2018,19,McLaren,7,62.0,0.0
2018,19,Sauber,8,36.0,0.0
2018,19,Toro Rosso,9,33.0,0.0
2018,19,Williams,10,7.0,0.0
2018,20,Mercedes,1,620.0,10.0
2018,20,Ferrari,2,553.0,6.0
2018,20,Red Bull,3,392.0,4.0
2018,20,Renault,4,114.0,0.0
2018,20,Force India,5,107.0,0.0
2018,20,Haas F1 Team,6,90.0,0.0
2018,20,McLaren,7,62.0,0.0
2018,20,Sauber,8,42.0,0.0
2018,20,Toro Rosso,9,33.0,0.0
2018,20,Williams,10,7.0,0.0
2018,21,Mercedes,1,655.0,11.0
2018,21,Ferrari,2,571.0,6.0
2018,21,Red Bull,3,419.0,4.0
2018,21,Renault,4,122.0,0.0
2018,21,Force India,5,111.0,0.0
2018,21,Haas F1 Team,6,93.0,0.0
2018,21,McLaren,7,62.0,0.0
2018,21,Sauber,8,48.0,0.0
2018,21,Toro Rosso,9,33.0,0.0
2018,21,Williams,10,7.0,0.0
2019,1,Mercedes,1,44.0,1.0
2019,1,Ferrari,2,22.0,0.0
2019,1,Red Bull,3,15.0,0.0
2019,1,Haas F1 Team,4,8.0,0.0
2019,1,Renault,5,6.0,0.0
2019,1,Alfa Romeo,6,4.0,0.0
2019,1,Racing Point,7,2.0,0.0
2019,1,Toro Rosso,8,1.0,0.0
2019,1,McLaren,9,0.0,0.0
2019,1,Williams,10,0.0,0.0
2019,2,Mercedes,1,87.0,2.0
2019,2,Ferrari,2,48.0,0.0
2019,2,Red Bull,3,31.0,0.0
2019,2,Alfa Romeo,4,10.0,0.0
2019,2,Haas F1 Team,5,8.0,0.0
2019,2,McLaren,6,8.0,0.0
2019,2,Renault,7,6.0,0.0
2019,2,Racing Point,8,3.0,0.0
2019,2,Toro Rosso,9,3.0,0.0
2019,2,Williams,10,0.0,0.0
2019,3,Mercedes,1,130.0,3.0
2019,3,Ferrari,2,73.0,0.0
2019,3,Red Bull,3,52.0,0.0
2019,3,Alfa Romeo,4,12.0,0.0
2019,3,Renault,5,12.0,0.0
2019,3,Haas F1 Team,6,8.0,0.0
2019,3,McLaren,7,8.0,0.0
2019,3,Racing Point,8,7.0,0.0
2019,3,Toro Rosso,9,4.0,0.0
2019,3,Williams,10,0.0,0.0
2019,4,Mercedes,1,173.0,4.0
2019,4,Ferrari,2,99.0,0.0
2019,4,Red Bull,3,64.0,0.0
2019,4,McLaren,4,18.0,0.0
2019,4,Racing Point,5,17.0,0.0
2019,4,Alfa Romeo,6,13.0,0.0
2019,4,Renault,7,12.0,0.0
2019,4,Haas F1 Team,8,8.0,0.0
2019,4,Toro Rosso,9,4.0,0.0
2019,4,Williams,10,0.0,0.0
2019,5,Mercedes,1,217.0,5.0
2019,5,Ferrari,2,121.0,0.0
2019,5,Red Bull,3,87.0,0.0
2019,5,McLaren,4,22.0,0.0
2019,5,Racing Point,5,17.0,0.0
2019,5,Haas F1 Team,6,15.0,0.0
2019,5,Alfa Romeo,7,13.0,0.0
2019,5,Renault,8,12.0,0.0
2019,5,Toro Rosso,9,6.0,0.0
2019,5,Williams,10,0.0,0.0
2019,6,Mercedes,1,257.0,6.0
2019,6,Ferrari,2,139.0,0.0
2019,6,Red Bull,3,110.0,0.0
2019,6,McLaren,4,30.0,0.0
2019,6,Racing Point,5,17.0,0.0
2019,6,Haas F1 Team,6,16.0,0.0
2019,6,Toro Rosso,7,16.0,0.0
2019,6,Renault,8,14.0,0.0
2019,6,Alfa Romeo,9,13.0,0.0
2019,6,Williams,10,0.0,0.0
2019,7,Mercedes,1,295.0,7.0
2019,7,Ferrari,2,172.0,0.0
2019,7,Red Bull,3,124.0,0.0
2019,7,McLaren,4,30.0,0.0
2019,7,Renault,5,28.0,0.0
2019,7,Racing Point,6,19.0,0.0
2019,7,Toro Rosso,7,17.0,0.0
2019,7,Haas F1 Team,8,16.0,0.0
2019,7,Alfa Romeo,9,13.0,0.0
2019,7,Williams,10,0.0,0.0
2019,8,Mercedes,1,338.0,8.0
2019,8,Ferrari,2,198.0,0.0
2019,8,Red Bull,3,137.0,0.0
2019,8,McLaren,4,40.0,0.0
2019,8,Renault,5,32.0,0.0
2019,8,Alfa Romeo,6,19.0,0.0
2019,8,Racing Point,7,19.0,0.0
2019,8,Toro Rosso,8,17.0,0.0
2019,8,Haas F1 Team,9,16.0,0.0
2019,8,Williams,10,0.0,0.0
2019,9,Mercedes,1,363.0,8.0
2019,9,Ferrari,2,228.0,0.0
2019,9,Red Bull,3,169.0,1.0
2019,9,McLaren,4,52.0,0.0
2019,9,Renault,5,32.0,0.0
2019,9,Alfa Romeo,6,22.0,0.0
2019,9,Racing Point,7,19.0,0.0
2019,9,Toro Rosso,8,17.0,0.0
2019,9,Haas F1 Team,9,16.0,0.0
2019,9,Williams,10,0.0,0.0
2019,10,Mercedes,1,407.0,9.0
2019,10,Ferrari,2,243.0,0.0
2019,10,Red Bull,3,191.0,1.0
2019,10,McLaren,4,60.0,0.0
2019,10,Renault,5,39.0,0.0
2019,10,Alfa Romeo,6,26.0,0.0
2019,10,Racing Point,7,19.0,0.0
2019,10,Toro Rosso,8,19.0,0.0
2019,10,Haas F1 Team,9,16.0,0.0
2019,10,Williams,10,0.0,0.0
2019,11,Mercedes,1,409.0,9.0
2019,11,Ferrari,2,261.0,0.0
2019,11,Red Bull,3,217.0,2.0
2019,11,McLaren,4,70.0,0.0
2019,11,Toro Rosso,5,42.0,0.0
2019,11,Renault,6,39.0,0.0
2019,11,Racing Point,7,31.0,0.0
2019,11,Alfa Romeo,8,26.0,0.0
2019,11,Haas F1 Team,9,26.0,0.0
2019,11,Williams,10,1.0,0.0
2019,12,Mercedes,1,438.0,10.0
2019,12,Ferrari,2,288.0,0.0
2019,12,Red Bull,3,244.0,2.0
2019,12,McLaren,4,82.0,0.0
2019,12,Toro Rosso,5,43.0,0.0
2019,12,Renault,6,39.0,0.0
2019,12,Alfa Romeo,7,32.0,0.0
2019,12,Racing Point,8,31.0,0.0
2019,12,Haas F1 Team,9,26.0,0.0
2019,12,Williams,10,1.0,0.0
2019,13,Mercedes,1,471.0,10.0
2019,13,Ferrari,2,326.0,1.0
2019,13,Red Bull,3,254.0,2.0
2019,13,McLaren,4,82.0,0.0
2019,13,Toro Rosso,5,51.0,0.0
2019,13,Renault,6,43.0,0.0
2019,13,Racing Point,7,40.0,0.0
2019,13,Alfa Romeo,8,32.0,0.0
2019,13,Haas F1 Team,9,26.0,0.0
2019,13,Williams,10,1.0,0.0
2019,14,Mercedes,1,505.0,10.0
2019,14,Ferrari,2,351.0,2.0
2019,14,Red Bull,3,266.0,2.0
2019,14,McLaren,4,83.0,0.0
2019,14,Renault,5,65.0,0.0
2019,14,Toro Rosso,6,51.0,0.0
2019,14,Racing Point,7,46.0,0.0
2019,14,Alfa Romeo,8,34.0,0.0
2019,14,Haas F1 Team,9,26.0,0.0
2019,14,Williams,10,1.0,0.0
2019,15,Mercedes,1,527.0,10.0
2019,15,Ferrari,2,394.0,3.0
2019,15,Red Bull,3,289.0,2.0
2019,15,McLaren,4,89.0,0.0
2019,15,Renault,5,67.0,0.0
2019,15,Toro Rosso,6,55.0,0.0
2019,15,Racing Point,7,46.0,0.0
2019,15,Alfa Romeo,8,35.0,0.0
2019,15,Haas F1 Team,9,26.0,0.0
2019,15,Williams,10,1.0,0.0
2019,16,Mercedes,1,571.0,11.0
2019,16,Ferrari,2,409.0,3.0
2019,16,Red Bull,3,311.0,2.0
2019,16,McLaren,4,101.0,0.0
2019,16,Renault,5,68.0,0.0
2019,16,Toro Rosso,6,55.0,0.0
2019,16,Racing Point,7,52.0,0.0
2019,16,Alfa Romeo,8,35.0,0.0
2019,16,Haas F1 Team,9,28.0,0.0
2019,16,Williams,10,1.0,0.0
2019,17,Mercedes,1,612.0,12.0
2019,17,Ferrari,2,435.0,3.0
2019,17,Red Bull,3,323.0,2.0
2019,17,McLaren,4,111.0,0.0
2019,17,Renault,5,68.0,0.0
2019,17,Toro Rosso,6,62.0,0.0
2019,17,Racing Point,7,58.0,0.0
2019,17,Alfa Romeo,8,35.0,0.0
2019,17,Haas F1 Team,9,28.0,0.0
2019,17,Williams,10,1.0,0.0
2019,18,Mercedes,1,652.0,13.0
2019,18,Ferrari,2,466.0,3.0
2019,18,Red Bull,3,341.0,2.0
2019,18,McLaren,4,111.0,0.0
2019,18,Renault,5,73.0,0.0
2019,18,Racing Point,6,64.0,0.0
2019,18,Toro Rosso,7,64.0,0.0
2019,18,Alfa Romeo,8,35.0,0.0
2019,18,Haas F1 Team,9,28.0,0.0
2019,18,Williams,10,1.0,0.0
2019,19,Mercedes,1,695.0,14.0
2019,19,Ferrari,2,479.0,3.0
2019,19,Red Bull,3,366.0,2.0
2019,19,McLaren,4,121.0,0.0
2019,19,Renault,5,83.0,0.0
2019,19,Racing Point,6,65.0,0.0
2019,19,Toro Rosso,7,64.0,0.0
2019,19,Alfa Romeo,8,35.0,0.0
2019,19,Haas F1 Team,9,28.0,0.0
2019,19,Williams,10,1.0,0.0
2019,20,Mercedes,1,701.0,14.0
2019,20,Ferrari,2,479.0,3.0
2019,20,Red Bull,3,391.0,3.0
2019,20,McLaren,4,140.0,0.0
2019,20,Renault,5,91.0,0.0
2019,20,Toro Rosso,6,83.0,0.0
2019,20,Racing Point,7,67.0,0.0
2019,20,Alfa Romeo,8,57.0,0.0
2019,20,Haas F1 Team,9,28.0,0.0
2019,20,Williams,10,1.0,0.0
2019,21,Mercedes,1,739.0,15.0
2019,21,Ferrari,2,504.0,3.0
2019,21,Red Bull,3,417.0,3.0
2019,21,McLaren,4,145.0,0.0
2019,21,Renault,5,91.0,0.0
2019,21,Toro Rosso,6,85.0,0.0
2019,21,Racing Point,7,73.0,0.0
2019,21,Alfa Romeo,8,57.0,0.0
2019,21,Haas F1 Team,9,28.0,0.0
2019,21,Williams,10,1.0,0.0
2020,1,Mercedes,1,37.0,1.0
2020,1,McLaren,2,26.0,0.0
2020,1,Ferrari,3,19.0,0.0
2020,1,Racing Point,4,8.0,0.0
2020,1,AlphaTauri,5,6.0,0.0
2020,1,Renault,6,4.0,0.0
2020,1,Alfa Romeo,7,2.0,0.0
2020,1,Haas F1 Team,8,0.0,0.0
2020,1,Red Bull,9,0.0,0.0
2020,1,Williams,10,0.0,0.0
2020,2,Mercedes,1,80.0,2.0
2020,2,McLaren,2,39.0,0.0
2020,2,Red Bull,3,27.0,0.0
2020,2,Racing Point,4,22.0,0.0
2020,2,Ferrari,5,19.0,0.0
2020,2,Renault,6,8.0,0.0
2020,2,AlphaTauri,7,7.0,0.0
2020,2,Alfa Romeo,8,2.0,0.0
2020,2,Haas F1 Team,9,0.0,0.0
2020,2,Williams,10,0.0,0.0
2020,3,Mercedes,1,121.0,3.0
2020,3,Red Bull,2,55.0,0.0
2020,3,McLaren,3,41.0,0.0
2020,3,Racing Point,4,40.0,0.0
2020,3,Ferrari,5,27.0,0.0
2020,3,Renault,6,12.0,0.0
2020,3,AlphaTauri,7,7.0,0.0
2020,3,Alfa Romeo,8,2.0,0.0
2020,3,Haas F1 Team,9,1.0,0.0
2020,3,Williams,10,0.0,0.0
2020,4,Mercedes,1,146.0,4.0
2020,4,Red Bull,2,78.0,0.0
2020,4,McLaren,3,51.0,0.0
2020,4,Ferrari,4,43.0,0.0
2020,4,Racing Point,5,42.0,0.0
2020,4,Renault,6,32.0,0.0
2020,4,AlphaTauri,7,13.0,0.0
2020,4,Alfa Romeo,8,2.0,0.0
2020,4,Haas F1 Team,9,1.0,0.0
2020,4,Williams,10,0.0,0.0
2020,5,Mercedes,1,180.0,4.0
2020,5,Red Bull,2,113.0,1.0
2020,5,Racing Point,3,56.0,0.0
2020,5,Ferrari,4,55.0,0.0
2020,5,McLaren,5,53.0,0.0
2020,5,Renault,6,36.0,0.0
2020,5,AlphaTauri,7,14.0,0.0
2020,5,Alfa Romeo,8,2.0,0.0
2020,5,Haas F1 Team,9,1.0,0.0
2020,5,Williams,10,0.0,0.0
2020,6,Mercedes,1,221.0,5.0
2020,6,Red Bull,2,135.0,1.0
2020,6,Racing Point,3,78.0,0.0
2020,6,McLaren,4,62.0,0.0
2020,6,Ferrari,5,61.0,0.0
2020,6,Renault,6,36.0,0.0
2020,6,AlphaTauri,7,16.0,0.0
2020,6,Alfa Romeo,8,2.0,0.0
2020,6,Haas F1 Team,9,1.0,0.0
2020,6,Williams,10,0.0,0.0
2020,7,Mercedes,1,264.0,6.0
2020,7,Red Bull,2,158.0,1.0
2020,7,Racing Point,3,81.0,0.0
2020,7,McLaren,4,68.0,0.0
2020,7,Ferrari,5,61.0,0.0
2020,7,Renault,6,59.0,0.0
2020,7,AlphaTauri,7,20.0,0.0
2020,7,Alfa Romeo,8,2.0,0.0
2020,7,Haas F1 Team,9,1.0,0.0
2020,7,Williams,10,0.0,0.0
2020,8,Mercedes,1,281.0,6.0
2020,8,Red Bull,2,158.0,1.0
2020,8,McLaren,3,98.0,0.0
2020,8,Racing Point,4,97.0,0.0
2020,8,Renault,5,71.0,0.0
2020,8,Ferrari,6,61.0,0.0
2020,8,AlphaTauri,7,47.0,1.0
2020,8,Alfa Romeo,8,2.0,0.0
2020,8,Haas F1 Team,9,1.0,0.0
2020,8,Williams,10,0.0,0.0
2020,9,Mercedes,1,325.0,7.0
2020,9,Red Bull,2,173.0,1.0
2020,9,Racing Point,3,107.0,0.0
2020,9,McLaren,4,106.0,0.0
2020,9,Renault,5,83.0,0.0
2020,9,Ferrari,6,66.0,0.0
2020,9,AlphaTauri,7,53.0,1.0
2020,9,Alfa Romeo,8,4.0,0.0
2020,9,Haas F1 Team,9,1.0,0.0
2020,9,Williams,10,0.0,0.0
2020,10,Mercedes,1,366.0,8.0
2020,10,Red Bull,2,192.0,1.0
2020,10,Racing Point,3,119.0,0.0
2020,10,McLaren,4,106.0,0.0
2020,10,Renault,5,99.0,0.0
2020,10,Ferrari,6,74.0,0.0
2020,10,AlphaTauri,7,59.0,1.0
2020,10,Alfa Romeo,8,4.0,0.0
2020,10,Haas F1 Team,9,1.0,0.0
2020,10,Williams,10,0.0,0.0
2020,11,Mercedes,1,391.0,9.0
2020,11,Red Bull,2,211.0,1.0
2020,11,Racing Point,3,135.0,0.0
2020,11,McLaren,4,116.0,0.0
2020,11,Renault,5,114.0,0.0
2020,11,Ferrari,6,80.0,0.0
2020,11,AlphaTauri,7,67.0,1.0
2020,11,Alfa Romeo,8,5.0,0.0
2020,11,Haas F1 Team,9,3.0,0.0
2020,11,Williams,10,0.0,0.0
2020,12,Mercedes,1,435.0,10.0
2020,12,Red Bull,2,226.0,1.0
2020,12,Racing Point,3,141.0,0.0
2020,12,McLaren,4,124.0,0.0
2020,12,Renault,5,120.0,0.0
2020,12,Ferrari,6,93.0,0.0
2020,12,AlphaTauri,7,77.0,1.0
2020,12,Alfa Romeo,8,5.0,0.0
2020,12,Haas F1 Team,9,3.0,0.0
2020,12,Williams,10,0.0,0.0
2020,13,Mercedes,1,479.0,11.0
2020,13,Red Bull,2,226.0,1.0
2020,13,Racing Point,3,149.0,0.0
2020,13,Renault,4,135.0,0.0
2020,13,McLaren,5,134.0,0.0
2020,13,Ferrari,6,103.0,0.0
2020,13,AlphaTauri,7,89.0,1.0
2020,13,Alfa Romeo,8,8.0,0.0
2020,13,Haas F1 Team,9,3.0,0.0
2020,13,Williams,10,0.0,0.0
2020,14,Mercedes,1,504.0,12.0
2020,14,Red Bull,2,240.0,1.0
2020,14,Racing Point,3,169.0,0.0
2020,14,McLaren,4,149.0,0.0
2020,14,Renault,5,136.0,0.0
2020,14,Ferrari,6,130.0,0.0
2020,14,AlphaTauri,7,89.0,1.0
2020,14,Alfa Romeo,8,8.0,0.0
2020,14,Haas F1 Team,9,3.0,0.0
2020,14,Williams,10,0.0,0.0
2020,15,Mercedes,1,533.0,13.0
2020,15,Red Bull,2,274.0,1.0
2020,15,McLaren,3,171.0,0.0
2020,15,Racing Point,4,169.0,0.0
2020,15,Renault,5,144.0,0.0
2020,15,Ferrari,6,131.0,0.0
2020,15,AlphaTauri,7,97.0,1.0
2020,15,Alfa Romeo,8,8.0,0.0
2020,15,Haas F1 Team,9,3.0,0.0
2020,15,Williams,10,0.0,0.0
2020,16,Mercedes,1,540.0,13.0
2020,16,Red Bull,2,282.0,1.0
2020,16,Racing Point,3,209.0,1.0
2020,16,McLaren,4,184.0,0.0
2020,16,Renault,5,172.0,0.0
2020,16,Ferrari,6,131.0,0.0
2020,16,AlphaTauri,7,103.0,1.0
2020,16,Alfa Romeo,8,8.0,0.0
2020,16,Haas F1 Team,9,3.0,0.0
2020,16,Williams,10,0.0,0.0
2020,17,Mercedes,1,573.0,13.0
2020,17,Red Bull,2,319.0,2.0
2020,17,Racing Point,3,210.0,1.0
2020,17,McLaren,4,202.0,0.0
2020,17,Renault,5,181.0,0.0
2020,17,Ferrari,6,131.0,0.0
2020,17,AlphaTauri,7,107.0,1.0
2020,17,Alfa Romeo,8,8.0,0.0
2020,17,Haas F1 Team,9,3.0,0.0
2020,17,Williams,10,0.0,0.0
2021,1,Mercedes,1,41.0,1.0
2021,1,Red Bull,2,28.0,0.0
2021,1,McLaren,3,18.0,0.0
2021,1,Ferrari,4,12.0,0.0
2021,1,AlphaTauri,5,2.0,0.0
2021,1,Aston Martin,6,1.0,0.0
2021,1,Alfa Romeo,7,0.0,0.0
2021,1,Alpine F1 Team,8,0.0,0.0
2021,1,Haas F1 Team,9,0.0,0.0
2021,1,Williams,10,0.0,0.0
2021,2,Mercedes,1,60.0,1.0
2021,2,Red Bull,2,53.0,1.0
2021,2,McLaren,3,41.0,0.0
2021,2,Ferrari,4,34.0,0.0
2021,2,AlphaTauri,5,8.0,0.0
2021,2,Aston Martin,6,5.0,0.0
2021,2,Alpine F1 Team,7,3.0,0.0
2021,2,Alfa Romeo,8,0.0,0.0
2021,2,Haas F1 Team,9,0.0,0.0
2021,2,Williams,10,0.0,0.0
2021,3,Mercedes,1,101.0,2.0
2021,3,Red Bull,2,83.0,1.0
2021,3,McLaren,3,53.0,0.0
2021,3,Ferrari,4,42.0,0.0
2021,3,Alpine F1 Team,5,13.0,0.0
2021,3,AlphaTauri,6,9.0,0.0
2021,3,Aston Martin,7,5.0,0.0
2021,3,Alfa Romeo,8,0.0,0.0
2021,3,Haas F1 Team,9,0.0,0.0
2021,3,Williams,10,0.0,0.0
2021,4,Mercedes,1,141.0,3.0
2021,4,Red Bull,2,112.0,1.0
2021,4,McLaren,3,65.0,0.0
2021,4,Ferrari,4,60.0,0.0
2021,4,Alpine F1 Team,5,15.0,0.0
2021,4,AlphaTauri,6,10.0,0.0
2021,4,Aston Martin,7,5.0,0.0
2021,4,Alfa Romeo,8,0.0,0.0
2021,4,Haas F1 Team,9,0.0,0.0
2021,4,Williams,10,0.0,0.0
2021,5,Red Bull,1,149.0,2.0
2021,5,Mercedes,2,148.0,3.0
2021,5,McLaren,3,80.0,0.0
2021,5,Ferrari,4,78.0,0.0
2021,5,Aston Martin,5,19.0,0.0
2021,5,AlphaTauri,6,18.0,0.0
2021,5,Alpine F1 Team,7,17.0,0.0
2021,5,Alfa Romeo,8,1.0,0.0
2021,5,Haas F1 Team,9,0.0,0.0
2021,5,Williams,10,0.0,0.0
2021,6,Red Bull,1,174.0,3.0
2021,6,Mercedes,2,148.0,3.0
2021,6,Ferrari,3,94.0,0.0
2021,6,McLaren,4,92.0,0.0
2021,6,AlphaTauri,5,39.0,0.0
2021,6,Aston Martin,6,37.0,0.0
2021,6,Alpine F1 Team,7,25.0,0.0
2021,6,Alfa Romeo,8,2.0,0.0
2021,6,Haas F1 Team,9,0.0,0.0
2021,6,Williams,10,0.0,0.0
2021,7,Red Bull,1,215.0,4.0
2021,7,Mercedes,2,178.0,3.0
2021,7,McLaren,3,110.0,0.0
2021,7,Ferrari,4,94.0,0.0
2021,7,AlphaTauri,5,45.0,0.0
2021,7,Aston Martin,6,40.0,0.0
2021,7,Alpine F1 Team,7,29.0,0.0
2021,7,Alfa Romeo,8,2.0,0.0
2021,7,Haas F1 Team,9,0.0,0.0
2021,7,Williams,10,0.0,0.0
2021,8,Red Bull,1,252.0,5.0
2021,8,Mercedes,2,212.0,3.0
2021,8,McLaren,3,120.0,0.0
2021,8,Ferrari,4,108.0,0.0
2021,8,AlphaTauri,5,46.0,0.0
2021,8,Aston Martin,6,44.0,0.0
2021,8,Alpine F1 Team,7,31.0,0.0
2021,8,Alfa Romeo,8,2.0,0.0
2021,8,Haas F1 Team,9,0.0,0.0
2021,8,Williams,10,0.0,0.0
2021,9,Red Bull,1,286.0,6.0
2021,9,Mercedes,2,242.0,3.0
2021,9,McLaren,3,141.0,0.0
2021,9,Ferrari,4,122.0,0.0
2021,9,AlphaTauri,5,48.0,0.0
2021,9,Aston Martin,6,44.0,0.0
2021,9,Alpine F1 Team,7,32.0,0.0
2021,9,Alfa Romeo,8,2.0,0.0
2021,9,Haas F1 Team,9,0.0,0.0
2021,9,Williams,10,0.0,0.0
2021,10,Red Bull,1,289.0,6.0
2021,10,Mercedes,2,285.0,4.0
2021,10,McLaren,3,163.0,0.0
2021,10,Ferrari,4,148.0,0.0
2021,10,AlphaTauri,5,49.0,0.0
2021,10,Aston Martin,6,48.0,0.0
2021,10,Alpine F1 Team,7,40.0,0.0
2021,10,Alfa Romeo,8,2.0,0.0
2021,10,Haas F1 Team,9,0.0,0.0
2021,10,Williams,10,0.0,0.0
2021,11,Mercedes,1,303.0,4.0
2021,11,Red Bull,2,291.0,6.0
2021,11,Ferrari,3,163.0,0.0
2021,11,McLaren,4,163.0,0.0
2021,11,Alpine F1 Team,5,77.0,1.0
2021,11,AlphaTauri,6,68.0,0.0
2021,11,Aston Martin,7,48.0,0.0
2021,11,Williams,8,10.0,0.0
2021,11,Alfa Romeo,9,3.0,0.0
2021,11,Haas F1 Team,10,0.0,0.0
2021,12,Mercedes,1,310.5,4.0
2021,12,Red Bull,2,303.5,7.0
2021,12,McLaren,3,169.0,0.0
2021,12,Ferrari,4,165.5,0.0
2021,12,Alpine F1 Team,5,80.0,1.0
2021,12,AlphaTauri,6,72.0,0.0
2021,12,Aston Martin,7,53.0,0.0
2021,12,Williams,8,20.0,0.0
2021,12,Alfa Romeo,9,3.0,0.0
2021,12,Haas F1 Team,10,0.0,0.0
2021,13,Mercedes,1,344.5,4.0
2021,13,Red Bull,2,332.5,8.0
2021,13,Ferrari,3,181.5,0.0
2021,13,McLaren,4,170.0,0.0
2021,13,Alpine F1 Team,5,90.0,1.0
2021,13,AlphaTauri,6,84.0,0.0
2021,13,Aston Martin,7,53.0,0.0
2021,13,Williams,8,20.0,0.0
2021,13,Alfa Romeo,9,3.0,0.0
2021,13,Haas F1 Team,10,0.0,0.0
2021,14,Mercedes,1,362.5,4.0
2021,14,Red Bull,2,344.5,8.0
2021,14,McLaren,3,215.0,1.0
2021,14,Ferrari,4,201.5,0.0
2021,14,Alpine F1 Team,5,95.0,1.0
2021,14,AlphaTauri,6,84.0,0.0
2021,14,Aston Martin,7,59.0,0.0
2021,14,Williams,8,22.0,0.0
2021,14,Alfa Romeo,9,3.0,0.0
2021,14,Haas F1 Team,10,0.0,0.0
2021,15,Mercedes,1,397.5,5.0
2021,15,Red Bull,2,364.5,8.0
2021,15,McLaren,3,234.0,1.0
2021,15,Ferrari,4,216.5,0.0
2021,15,Alpine F1 Team,5,103.0,1.0
2021,15,AlphaTauri,6,84.0,0.0
2021,15,Aston Martin,7,59.0,0.0
2021,15,Williams,8,23.0,0.0
2021,15,Alfa Romeo,9,7.0,0.0
2021,15,Haas F1 Team,10,0.0,0.0
2021,16,Mercedes,1,433.5,6.0
2021,16,Red Bull,2,397.5,8.0
2021,16,McLaren,3,240.0,1.0
2021,16,Ferrari,4,232.5,0.0
2021,16,Alpine F1 Team,5,104.0,1.0
2021,16,AlphaTauri,6,92.0,0.0
2021,16,Aston Martin,7,61.0,0.0
2021,16,Williams,8,23.0,0.0
2021,16,Alfa Romeo,9,7.0,0.0
2021,16,Haas F1 Team,10,0.0,0.0
2021,17,Mercedes,1,460.5,6.0
2021,17,Red Bull,2,437.5,9.0
2021,17,McLaren,3,254.0,1.0
2021,17,Ferrari,4,250.5,0.0
2021,17,Alpine F1 Team,5,104.0,1.0
2021,17,AlphaTauri,6,94.0,0.0
2021,17,Aston Martin,7,62.0,0.0
2021,17,Williams,8,23.0,0.0
2021,17,Alfa Romeo,9,7.0,0.0
2021,17,Haas F1 Team,10,0.0,0.0
2021,18,Mercedes,1,478.5,6.0
2021,18,Red Bull,2,477.5,10.0
2021,18,Ferrari,3,268.5,0.0
2021,18,McLaren,4,255.0,1.0
2021,18,Alpine F1 Team,5,106.0,1.0
2021,18,AlphaTauri,6,106.0,0.0
2021,18,Aston Martin,7,68.0,0.0
2021,18,Williams,8,23.0,0.0
2021,18,Alfa Romeo,9,11.0,0.0
2021,18,Haas F1 Team,10,0.0,0.0
2021,19,Mercedes,1,521.5,7.0
2021,19,Red Bull,2,510.5,10.0
2021,19,Ferrari,3,287.5,0.0
2021,19,McLaren,4,256.0,1.0
2021,19,Alpine F1 Team,5,112.0,1.0
2021,19,AlphaTauri,6,112.0,0.0
2021,19,Aston Martin,7,68.0,0.0
2021,19,Williams,8,23.0,0.0
2021,19,Alfa Romeo,9,11.0,0.0
2021,19,Haas F1 Team,10,0.0,0.0
2021,20,Mercedes,1,546.5,8.0
2021,20,Red Bull,2,541.5,10.0
2021,20,Ferrari,3,297.5,0.0
2021,20,McLaren,4,258.0,1.0
2021,20,Alpine F1 Team,5,137.0,1.0
2021,20,AlphaTauri,6,112.0,0.0
2021,20,Aston Martin,7,77.0,0.0
2021,20,Williams,8,23.0,0.0
2021,20,Alfa Romeo,9,11.0,0.0
2021,20,Haas F1 Team,10,0.0,0.0
2021,21,Mercedes,1,587.5,9.0
2021,21,Red Bull,2,559.5,10.0
2021,21,Ferrari,3,307.5,0.0
2021,21,McLaren,4,269.0,1.0
2021,21,Alpine F1 Team,5,149.0,1.0
2021,21,AlphaTauri,6,120.0,0.0
2021,21,Aston Martin,7,77.0,0.0
2021,21,Williams,8,23.0,0.0
2021,21,Alfa Romeo,9,13.0,0.0
2021,21,Haas F1 Team,10,0.0,0.0
2021,22,Mercedes,1,613.5,9.0
2021,22,Red Bull,2,585.5,11.0
2021,22,Ferrari,3,323.5,0.0
2021,22,McLaren,4,275.0,1.0
2021,22,Alpine F1 Team,5,155.0,1.0
2021,22,AlphaTauri,6,142.0,0.0
2021,22,Aston Martin,7,77.0,0.0
2021,22,Williams,8,23.0,0.0
2021,22,Alfa Romeo,9,13.0,0.0
2021,22,Haas F1 Team,10,0.0,0.0
2022,1,Ferrari,1,44.0,1.0
2022,1,Mercedes,2,27.0,0.0
2022,1,Haas F1 Team,3,10.0,0.0
2022,1,Alfa Romeo,4,9.0,0.0
2022,1,Alpine F1 Team,5,8.0,0.0
2022,1,AlphaTauri,6,4.0,0.0
2022,1,Aston Martin,7,0.0,0.0
2022,1,McLaren,8,0.0,0.0
2022,1,Red Bull,9,0.0,0.0
2022,1,Williams,10,0.0,0.0
2022,2,Ferrari,1,78.0,1.0
2022,2,Mercedes,2,38.0,0.0
2022,2,Red Bull,3,37.0,1.0
2022,2,Alpine F1 Team,4,16.0,0.0
2022,2,Haas F1 Team,5,12.0,0.0
2022,2,Alfa Romeo,6,9.0,0.0
2022,2,AlphaTauri,7,8.0,0.0
2022,2,McLaren,8,6.0,0.0
2022,2,Aston Martin,9,0.0,0.0
2022,2,Williams,10,0.0,0.0
2022,3,Ferrari,1,104.0,2.0
2022,3,Mercedes,2,65.0,0.0
2022,3,Red Bull,3,55.0,1.0
2022,3,McLaren,4,24.0,0.0
2022,3,Alpine F1 Team,5,22.0,0.0
2022,3,Alfa Romeo,6,13.0,0.0
2022,3,Haas F1 Team,7,12.0,0.0
2022,3,AlphaTauri,8,10.0,0.0
2022,3,Williams,9,1.0,0.0
2022,3,Aston Martin,10,0.0,0.0
2022,4,Ferrari,1,124.0,2.0
2022,4,Red Bull,2,113.0,2.0
2022,4,Mercedes,3,77.0,0.0
2022,4,McLaren,4,46.0,0.0
2022,4,Alfa Romeo,5,25.0,0.0
2022,4,Alpine F1 Team,6,22.0,0.0
2022,4,AlphaTauri,7,16.0,0.0
2022,4,Haas F1 Team,8,15.0,0.0
2022,4,Aston Martin,9,5.0,0.0
2022,4,Williams,10,1.0,0.0
2022,5,Ferrari,1,157.0,2.0
2022,5,Red Bull,2,151.0,3.0
2022,5,Mercedes,3,95.0,0.0
2022,5,McLaren,4,46.0,0.0
2022,5,Alfa Romeo,5,31.0,0.0
2022,5,Alpine F1 Team,6,26.0,0.0
2022,5,AlphaTauri,7,16.0,0.0
2022,5,Haas F1 Team,8,15.0,0.0
2022,5,Aston Martin,9,6.0,0.0
2022,5,Williams,10,3.0,0.0
2022,6,Red Bull,1,195.0,4.0
2022,6,Ferrari,2,169.0,2.0
2022,6,Mercedes,3,120.0,0.0
2022,6,McLaren,4,50.0,0.0
2022,6,Alfa Romeo,5,39.0,0.0
2022,6,Alpine F1 Team,6,34.0,0.0
2022,6,AlphaTauri,7,17.0,0.0
2022,6,Haas F1 Team,8,15.0,0.0
2022,6,Aston Martin,9,6.0,0.0
2022,6,Williams,10,3.0,0.0
2022,7,Red Bull,1,235.0,5.0
2022,7,Ferrari,2,199.0,2.0
2022,7,Mercedes,3,134.0,0.0
2022,7,McLaren,4,59.0,0.0
2022,7,Alfa Romeo,5,41.0,0.0
2022,7,Alpine F1 Team,6,40.0,0.0
2022,7,AlphaTauri,7,17.0,0.0
2022,7,Haas F1 Team,8,15.0,0.0
2022,7,Aston Martin,9,7.0,0.0
2022,7,Williams,10,3.0,0.0
2022,8,Red Bull,1,279.0,6.0
2022,8,Ferrari,2,199.0,2.0
2022,8,Mercedes,3,161.0,0.0
2022,8,McLaren,4,65.0,0.0
2022,8,Alpine F1 Team,5,47.0,0.0
2022,8,Alfa Romeo,6,41.0,0.0
2022,8,AlphaTauri,7,27.0,0.0
2022,8,Aston Martin,8,15.0,0.0
2022,8,Haas F1 Team,9,15.0,0.0
2022,8,Williams,10,3.0,0.0
2022,9,Red Bull,1,304.0,7.0
2022,9,Ferrari,2,228.0,2.0
2022,9,Mercedes,3,188.0,0.0
2022,9,McLaren,4,65.0,0.0
2022,9,Alpine F1 Team,5,57.0,0.0
2022,9,Alfa Romeo,6,51.0,0.0
2022,9,AlphaTauri,7,27.0,0.0
2022,9,Aston Martin,8,16.0,0.0
2022,9,Haas F1 Team,9,15.0,0.0
2022,9,Williams,10,3.0,0.0
2022,10,Red Bull,1,328.0,7.0
2022,10,Ferrari,2,265.0,3.0
2022,10,Mercedes,3,204.0,0.0
2022,10,McLaren,4,73.0,0.0
2022,10,Alpine F1 Team,5,67.0,0.0
2022,10,Alfa Romeo,6,51.0,0.0
2022,10,AlphaTauri,7,27.0,0.0
2022,10,Haas F1 Team,8,20.0,0.0
2022,10,Aston Martin,9,18.0,0.0
2022,10,Williams,10,3.0,0.0
2022,11,Red Bull,1,359.0,7.0
2022,11,Ferrari,2,303.0,4.0
2022,11,Mercedes,3,237.0,0.0
2022,11,Alpine F1 Team,4,81.0,0.0
2022,11,McLaren,5,81.0,0.0
2022,11,Alfa Romeo,6,51.0,0.0
2022,11,Haas F1 Team,7,34.0,0.0
2022,11,AlphaTauri,8,27.0,0.0
2022,11,Aston Martin,9,18.0,0.0
2022,11,Williams,10,3.0,0.0
2022,12,Red Bull,1,396.0,8.0
2022,12,Ferrari,2,314.0,4.0
2022,12,Mercedes,3,270.0,0.0
2022,12,Alpine F1 Team,4,93.0,0.0
2022,12,McLaren,5,89.0,0.0
2022,12,Alfa Romeo,6,51.0,0.0
2022,12,Haas F1 Team,7,34.0,0.0
2022,12,AlphaTauri,8,27.0,0.0
2022,12,Aston Martin,9,19.0,0.0
2022,12,Williams,10,3.0,0.0
2022,13,Red Bull,1,431.0,9.0
2022,13,Ferrari,2,334.0,4.0
2022,13,Mercedes,3,304.0,0.0
2022,13,Alpine F1 Team,4,99.0,0.0
2022,13,McLaren,5,95.0,0.0
2022,13,Alfa Romeo,6,51.0,0.0
2022,13,Haas F1 Team,7,34.0,0.0
2022,13,AlphaTauri,8,27.0,0.0
2022,13,Aston Martin,9,20.0,0.0
2022,13,Williams,10,3.0,0.0
2022,14,Red Bull,1,475.0,10.0
2022,14,Ferrari,2,357.0,4.0
2022,14,Mercedes,3,316.0,0.0
2022,14,Alpine F1 Team,4,115.0,0.0
2022,14,McLaren,5,95.0,0.0
2022,14,Alfa Romeo,6,51.0,0.0
2022,14,Haas F1 Team,7,34.0,0.0
2022,14,AlphaTauri,8,29.0,0.0
2022,14,Aston Martin,9,24.0,0.0
2022,14,Williams,10,4.0,0.0
2022,15,Red Bull,1,511.0,11.0
2022,15,Ferrari,2,376.0,4.0
2022,15,Mercedes,3,346.0,0.0
2022,15,Alpine F1 Team,4,125.0,0.0
2022,15,McLaren,5,101.0,0.0
2022,15,Alfa Romeo,6,51.0,0.0
2022,15,Haas F1 Team,7,34.0,0.0
2022,15,AlphaTauri,8,29.0,0.0
2022,15,Aston Martin,9,25.0,0.0
2022,15,Williams,10,4.0,0.0
2022,16,Red Bull,1,545.0,12.0
2022,16,Ferrari,2,406.0,4.0
2022,16,Mercedes,3,371.0,0.0
2022,16,Alpine F1 Team,4,125.0,0.0
2022,16,McLaren,5,107.0,0.0
2022,16,Alfa Romeo,6,52.0,0.0
2022,16,Haas F1 Team,7,34.0,0.0
2022,16,AlphaTauri,8,33.0,0.0
2022,16,Aston Martin,9,25.0,0.0
2022,16,Williams,10,6.0,0.0
2022,17,Red Bull,1,576.0,13.0
2022,17,Ferrari,2,439.0,4.0
2022,17,Mercedes,3,373.0,0.0
2022,17,McLaren,4,129.0,0.0
2022,17,Alpine F1 Team,5,125.0,0.0
2022,17,Alfa Romeo,6,52.0,0.0
2022,17,Aston Martin,7,37.0,0.0
2022,17,AlphaTauri,8,34.0,0.0
2022,17,Haas F1 Team,9,34.0,0.0
2022,17,Williams,10,6.0,0.0
2022,18,Red Bull,1,619.0,14.0
2022,18,Ferrari,2,454.0,4.0
2022,18,Mercedes,3,387.0,0.0
2022,18,Alpine F1 Team,4,143.0,0.0
2022,18,McLaren,5,130.0,0.0
2022,18,Alfa Romeo,6,52.0,0.0
2022,18,Aston Martin,7,45.0,0.0
2022,18,AlphaTauri,8,34.0,0.0
2022,18,Haas F1 Team,9,34.0,0.0
2022,18,Williams,10,8.0,0.0
2022,19,Red Bull,1,656.0,15.0
2022,19,Ferrari,2,469.0,4.0
2022,19,Mercedes,3,416.0,0.0
2022,19,Alpine F1 Team,4,149.0,0.0
2022,19,McLaren,5,138.0,0.0
2022,19,Alfa Romeo,6,52.0,0.0
2022,19,Aston Martin,7,49.0,0.0
2022,19,Haas F1 Team,8,36.0,0.0
2022,19,AlphaTauri,9,35.0,0.0
2022,19,Williams,10,8.0,0.0
2022,20,Red Bull,1,696.0,16.0
2022,20,Ferrari,2,487.0,4.0
2022,20,Mercedes,3,447.0,0.0
2022,20,Alpine F1 Team,4,153.0,0.0
2022,20,McLaren,5,146.0,0.0
2022,20,Alfa Romeo,6,53.0,0.0
2022,20,Aston Martin,7,49.0,0.0
2022,20,Haas F1 Team,8,36.0,0.0
2022,20,AlphaTauri,9,35.0,0.0
2022,20,Williams,10,8.0,0.0
2022,21,Red Bull,1,719.0,16.0
2022,21,Ferrari,2,524.0,4.0
2022,21,Mercedes,3,505.0,1.0
2022,21,Alpine F1 Team,4,167.0,0.0
2022,21,McLaren,5,148.0,0.0
2022,21,Alfa Romeo,6,55.0,0.0
2022,21,Aston Martin,7,50.0,0.0
2022,21,Haas F1 Team,8,37.0,0.0
2022,21,AlphaTauri,9,35.0,0.0
2022,21,Williams,10,8.0,0.0
2022,22,Red Bull,1,759.0,17.0
2022,22,Ferrari,2,554.0,4.0
2022,22,Mercedes,3,515.0,1.0
2022,22,Alpine F1 Team,4,173.0,0.0
2022,22,McLaren,5,159.0,0.0
2022,22,Alfa Romeo,6,55.0,0.0
2022,22,Aston Martin,7,55.0,0.0
2022,22,Haas F1 Team,8,37.0,0.0
2022,22,AlphaTauri,9,35.0,0.0
2022,22,Williams,10,8.0,0.0
2023,1,Red Bull,1,43.0,1.0
2023,1,Aston Martin,2,23.0,0.0
2023,1,Mercedes,3,16.0,0.0
2023,1,Ferrari,4,12.0,0.0
2023,1,Alfa Romeo,5,4.0,0.0
2023,1,Alpine F1 Team,6,2.0,0.0
2023,1,Williams,7,1.0,0.0
2023,1,AlphaTauri,8,0.0,0.0
2023,1,Haas F1 Team,9,0.0,0.0
2023,1,McLaren,10,0.0,0.0
2023,2,Red Bull,1,87.0,2.0
2023,2,Aston Martin,2,38.0,0.0
2023,2,Mercedes,3,38.0,0.0
2023,2,Ferrari,4,26.0,0.0
2023,2,Alpine F1 Team,5,8.0,0.0
2023,2,Alfa Romeo,6,4.0,0.0
2023,2,Haas F1 Team,7,1.0,0.0
2023,2,Williams,8,1.0,0.0
2023,2,AlphaTauri,9,0.0,0.0
2023,2,McLaren,10,0.0,0.0
2023,3,Red Bull,1,123.0,3.0
2023,3,Aston Martin,2,65.0,0.0
2023,3,Mercedes,3,56.0,0.0
2023,3,Ferrari,4,26.0,0.0
2023,3,McLaren,5,12.0,0.0
2023,3,Alpine F1 Team,6,8.0,0.0
2023,3,Haas F1 Team,7,7.0,0.0
2023,3,Alfa Romeo,8,6.0,0.0
2023,3,AlphaTauri,9,1.0,0.0
2023,3,Williams,10,1.0,0.0
2023,4,Red Bull,1,180.0,4.0
2023,4,Aston Martin,2,87.0,0.0
2023,4,Mercedes,3,76.0,0.0
2023,4,Ferrari,4,62.0,0.0
2023,4,McLaren,5,14.0,0.0
2023,4,Alpine F1 Team,6,8.0,0.0
2023,4,Haas F1 Team,7,7.0,0.0
2023,4,Alfa Romeo,8,6.0,0.0
2023,4,AlphaTauri,9,2.0,0.0
2023,4,Williams,10,1.0,0.0
2023,5,Red Bull,1,224.0,5.0
2023,5,Aston Martin,2,102.0,0.0
2023,5,Mercedes,3,96.0,0.0
2023,5,Ferrari,4,78.0,0.0
2023,5,Alpine F1 Team,5,14.0,0.0
2023,5,McLaren,6,14.0,0.0
2023,5,Haas F1 Team,7,8.0,0.0
2023,5,Alfa Romeo,8,6.0,0.0
2023,5,AlphaTauri,9,2.0,0.0
2023,5,Williams,10,1.0,0.0
2023,6,Red Bull,1,249.0,6.0
2023,6,Aston Martin,2,120.0,0.0
2023,6,Mercedes,3,119.0,0.0
2023,6,Ferrari,4,90.0,0.0
2023,6,Alpine F1 Team,5,35.0,0.0
2023,6,McLaren,6,17.0,0.0
2023,6,Haas F1 Team,7,8.0,0.0
2023,6,Alfa Romeo,8,6.0,0.0
2023,6,AlphaTauri,9,2.0,0.0
2023,6,Williams,10,1.0,0.0
2023,7,Red Bull,1,287.0,7.0
2023,7,Mercedes,2,152.0,0.0
2023,7,Aston Martin,3,134.0,0.0
2023,7,Ferrari,4,100.0,0.0
2023,7,Alpine F1 Team,5,40.0,0.0
2023,7,McLaren,6,17.0,0.0
2023,7,Alfa Romeo,7,8.0,0.0
2023,7,Haas F1 Team,8,8.0,0.0
2023,7,AlphaTauri,9,2.0,0.0
2023,7,Williams,10,1.0,0.0
2023,8,Red Bull,1,321.0,8.0
2023,8,Mercedes,2,167.0,0.0
2023,8,Aston Martin,3,154.0,0.0
2023,8,Ferrari,4,122.0,0.0
2023,8,Alpine F1 Team,5,44.0,0.0
2023,8,McLaren,6,17.0,0.0
2023,8,Alfa Romeo,7,9.0,0.0
2023,8,Haas F1 Team,8,8.0,0.0
2023,8,Williams,9,7.0,0.0
2023,8,AlphaTauri,10,2.0,0.0
2023,9,Red Bull,1,377.0,9.0
2023,9,Mercedes,2,178.0,0.0
2023,9,Aston Martin,3,175.0,0.0
2023,9,Ferrari,4,154.0,0.0
2023,9,Alpine F1 Team,5,47.0,0.0
2023,9,McLaren,6,29.0,0.0
2023,9,Haas F1 Team,7,11.0,0.0
2023,9,Alfa Romeo,8,9.0,0.0
2023,9,Williams,9,7.0,0.0
2023,9,AlphaTauri,10,2.0,0.0
2023,10,Red Bull,1,411.0,10.0
2023,10,Mercedes,2,203.0,0.0
2023,10,Aston Martin,3,181.0,0.0
2023,10,Ferrari,4,157.0,0.0
2023,10,McLaren,5,59.0,0.0
2023,10,Alpine F1 Team,6,47.0,0.0
2023,10,Haas F1 Team,7,11.0,0.0
2023,10,Williams,8,11.0,0.0
2023,10,Alfa Romeo,9,9.0,0.0
2023,10,AlphaTauri,10,2.0,0.0
2023,11,Red Bull,1,452.0,11.0
2023,11,Mercedes,2,223.0,0.0
2023,11,Aston Martin,3,184.0,0.0
2023,11,Ferrari,4,167.0,0.0
2023,11,McLaren,5,87.0,0.0
2023,11,Alpine F1 Team,6,47.0,0.0
2023,11,Haas F1 Team,7,11.0,0.0
2023,11,Williams,8,11.0,0.0
2023,11,Alfa Romeo,9,9.0,0.0
2023,11,AlphaTauri,10,2.0,0.0
2023,12,Red Bull,1,503.0,12.0
2023,12,Mercedes,2,247.0,0.0
2023,12,Aston Martin,3,196.0,0.0
2023,12,Ferrari,4,191.0,0.0
2023,12,McLaren,5,103.0,0.0
2023,12,Alpine F1 Team,6,57.0,0.0
2023,12,Haas F1 Team,7,11.0,0.0
2023,12,Williams,8,11.0,0.0
2023,12,Alfa Romeo,9,9.0,0.0
2023,12,AlphaTauri,10,3.0,0.0
2023,13,Red Bull,1,540.0,13.0
2023,13,Mercedes,2,255.0,0.0
2023,13,Aston Martin,3,215.0,0.0
2023,13,Ferrari,4,201.0,0.0
2023,13,McLaren,5,111.0,0.0
2023,13,Alpine F1 Team,6,73.0,0.0
2023,13,Williams,7,15.0,0.0
2023,13,Haas F1 Team,8,11.0,0.0
2023,13,Alfa Romeo,9,9.0,0.0
2023,13,AlphaTauri,10,3.0,0.0
2023,14,Red Bull,1,583.0,14.0
2023,14,Mercedes,2,273.0,0.0
2023,14,Ferrari,3,228.0,0.0
2023,14,Aston Martin,4,217.0,0.0
2023,14,McLaren,5,115.0,0.0
2023,14,Alpine F1 Team,6,73.0,0.0
2023,14,Williams,7,21.0,0.0
2023,14,Haas F1 Team,8,11.0,0.0
2023,14,Alfa Romeo,9,10.0,0.0
2023,14,AlphaTauri,10,3.0,0.0
2023,15,Red Bull,1,597.0,14.0
2023,15,Mercedes,2,289.0,0.0
2023,15,Ferrari,3,265.0,1.0
2023,15,Aston Martin,4,217.0,0.0
2023,15,McLaren,5,139.0,0.0
2023,15,Alpine F1 Team,6,81.0,0.0
2023,15,Williams,7,21.0,0.0
2023,15,Haas F1 Team,8,12.0,0.0
2023,15,Alfa Romeo,9,10.0,0.0
2023,15,AlphaTauri,10,5.0,0.0
2023,16,Red Bull,1,623.0,15.0
2023,16,Mercedes,2,305.0,0.0
2023,16,Ferrari,3,285.0,1.0
2023,16,Aston Martin,4,221.0,0.0
2023,16,McLaren,5,172.0,0.0
2023,16,Alpine F1 Team,6,84.0,0.0
2023,16,Williams,7,21.0,0.0
2023,16,Haas F1 Team,8,12.0,0.0
2023,16,Alfa Romeo,9,10.0,0.0
2023,16,AlphaTauri,10,5.0,0.0
2023,17,Red Bull,1,657.0,16.0
2023,17,Mercedes,2,326.0,0.0
2023,17,Ferrari,3,298.0,1.0
2023,17,Aston Martin,4,230.0,0.0
2023,17,McLaren,5,219.0,0.0
2023,17,Alpine F1 Team,6,90.0,0.0
2023,17,Williams,7,23.0,0.0
2023,17,Alfa Romeo,8,16.0,0.0
2023,17,Haas F1 Team,9,12.0,0.0
2023,17,AlphaTauri,10,5.0,0.0
2023,18,Red Bull,1,706.0,17.0
2023,18,Mercedes,2,344.0,0.0
2023,18,Ferrari,3,322.0,1.0
2023,18,McLaren,4,242.0,0.0
2023,18,Aston Martin,5,236.0,0.0
2023,18,Alpine F1 Team,6,100.0,0.0
2023,18,Williams,7,26.0,0.0
2023,18,Alfa Romeo,8,16.0,0.0
2023,18,Haas F1 Team,9,12.0,0.0
2023,18,AlphaTauri,10,10.0,0.0
2023,19,Red Bull,1,731.0,18.0
2023,19,Mercedes,2,371.0,0.0
2023,19,Ferrari,3,349.0,1.0
2023,19,McLaren,4,256.0,0.0
2023,19,Aston Martin,5,236.0,0.0
2023,19,Alpine F1 Team,6,101.0,0.0
2023,19,Williams,7,28.0,0.0
2023,19,Alfa Romeo,8,16.0,0.0
2023,19,AlphaTauri,9,16.0,0.0
2023,19,Haas F1 Team,10,12.0,0.0
2023,20,Red Bull,1,782.0,19.0
2023,20,Mercedes,2,382.0,0.0
2023,20,Ferrari,3,362.0,1.0
2023,20,McLaren,4,282.0,0.0
2023,20,Aston Martin,5,261.0,0.0
2023,20,Alpine F1 Team,6,108.0,0.0
2023,20,Williams,7,28.0,0.0
2023,20,AlphaTauri,8,21.0,0.0
2023,20,Alfa Romeo,9,16.0,0.0
2023,20,Haas F1 Team,10,12.0,0.0
2023,21,Red Bull,1,822.0,20.0
2023,21,Mercedes,2,392.0,0.0
2023,21,Ferrari,3,388.0,1.0
2023,21,McLaren,4,284.0,0.0
2023,21,Aston Martin,5,273.0,0.0
2023,21,Alpine F1 Team,6,120.0,0.0
2023,21,Williams,7,28.0,0.0
2023,21,AlphaTauri,8,21.0,0.0
2023,21,Alfa Romeo,9,16.0,0.0
2023,21,Haas F1 Team,10,12.0,0.0
2023,22,Red Bull,1,860.0,21.0
2023,22,Mercedes,2,409.0,0.0
2023,22,Ferrari,3,406.0,1.0
2023,22,McLaren,4,302.0,0.0
2023,22,Aston Martin,5,280.0,0.0
2023,22,Alpine F1 Team,6,120.0,0.0
2023,22,Williams,7,28.0,0.0
2023,22,AlphaTauri,8,25.0,0.0
2023,22,Alfa Romeo,9,16.0,0.0
2023,22,Haas F1 Team,10,12.0,0.0
2024,1,Red Bull,1,44.0,1.0
2024,1,Ferrari,2,27.0,0.0
2024,1,Mercedes,3,16.0,0.0
2024,1,McLaren,4,12.0,0.0
2024,1,Aston Martin,5,3.0,0.0
2024,1,Alpine F1 Team,6,0.0,0.0
2024,1,Haas F1 Team,7,0.0,0.0
2024,1,RB F1 Team,8,0.0,0.0
2024,1,Sauber,9,0.0,0.0
2024,1,Williams,10,0.0,0.0
2024,2,Red Bull,1,87.0,2.0
2024,2,Ferrari,2,49.0,0.0
2024,2,McLaren,3,28.0,0.0
2024,2,Mercedes,4,26.0,0.0
2024,2,Aston Martin,5,13.0,0.0
2024,2,Haas F1 Team,6,1.0,0.0
2024,2,Alpine F1 Team,7,0.0,0.0
2024,2,RB F1 Team,8,0.0,0.0
2024,2,Sauber,9,0.0,0.0
2024,2,Williams,10,0.0,0.0
2024,3,Red Bull,1,97.0,2.0
2024,3,Ferrari,2,93.0,1.0
2024,3,McLaren,3,55.0,0.0
2024,3,Mercedes,4,26.0,0.0
2024,3,Aston Martin,5,25.0,0.0
2024,3,RB F1 Team,6,6.0,0.0
2024,3,Haas F1 Team,7,4.0,0.0
2024,3,Alpine F1 Team,8,0.0,0.0
2024,3,Sauber,9,0.0,0.0
2024,3,Williams,10,0.0,0.0
2024,4,Red Bull,1,141.0,3.0
2024,4,Ferrari,2,120.0,1.0
2024,4,McLaren,3,69.0,0.0
2024,4,Mercedes,4,34.0,0.0
2024,4,Aston Martin,5,33.0,0.0
2024,4,RB F1 Team,6,7.0,0.0
2024,4,Haas F1 Team,7,4.0,0.0
2024,4,Alpine F1 Team,8,0.0,0.0
2024,4,Sauber,9,0.0,0.0
2024,4,Williams,10,0.0,0.0
2024,5,Red Bull,1,195.0,4.0
2024,5,Ferrari,2,151.0,1.0
2024,5,McLaren,3,96.0,0.0
2024,5,Mercedes,4,52.0,0.0
2024,5,Aston Martin,5,40.0,0.0
2024,5,RB F1 Team,6,7.0,0.0
2024,5,Haas F1 Team,7,5.0,0.0
2024,5,Alpine F1 Team,8,0.0,0.0
2024,5,Sauber,9,0.0,0.0
2024,5,Williams,10,0.0,0.0
2024,6,Red Bull,1,239.0,4.0
2024,6,Ferrari,2,187.0,1.0
2024,6,McLaren,3,124.0,1.0
2024,6,Mercedes,4,64.0,0.0
2024,6,Aston Martin,5,42.0,0.0
2024,6,RB F1 Team,6,19.0,0.0
2024,6,Haas F1 Team,7,7.0,0.0
2024,6,Alpine F1 Team,8,1.0,0.0
2024,6,Sauber,9,0.0,0.0
2024,6,Williams,10,0.0,0.0
2024,7,Red Bull,1,268.0,5.0
2024,7,Ferrari,2,212.0,1.0
2024,7,McLaren,3,154.0,1.0
2024,7,Mercedes,4,79.0,0.0
2024,7,Aston Martin,5,44.0,0.0
2024,7,RB F1 Team,6,20.0,0.0
2024,7,Haas F1 Team,7,7.0,0.0
2024,7,Alpine F1 Team,8,1.0,0.0
2024,7,Sauber,9,0.0,0.0
2024,7,Williams,10,0.0,0.0
2024,8,Red Bull,1,276.0,5.0
2024,8,Ferrari,2,252.0,2.0
2024,8,McLaren,3,184.0,1.0
2024,8,Mercedes,4,96.0,0.0
2024,8,Aston Martin,5,44.0,0.0
2024,8,RB F1 Team,6,24.0,0.0
2024,8,Haas F1 Team,7,7.0,0.0
2024,8,Alpine F1 Team,8,2.0,0.0
2024,8,Williams,9,2.0,0.0
2024,8,Sauber,10,0.0,0.0
2024,9,Red Bull,1,301.0,6.0
2024,9,Ferrari,2,252.0,2.0
2024,9,McLaren,3,212.0,1.0
2024,9,Mercedes,4,124.0,0.0
2024,9,Aston Martin,5,58.0,0.0
2024,9,RB F1 Team,6,28.0,0.0
2024,9,Haas F1 Team,7,7.0,0.0
2024,9,Alpine F1 Team,8,5.0,0.0
2024,9,Williams,9,2.0,0.0
2024,9,Sauber,10,0.0,0.0
2024,10,Red Bull,1,330.0,7.0
2024,10,Ferrari,2,270.0,2.0
2024,10,McLaren,3,237.0,1.0
2024,10,Mercedes,4,151.0,0.0
2024,10,Aston Martin,5,58.0,0.0
2024,10,RB F1 Team,6,28.0,0.0
2024,10,Alpine F1 Team,7,8.0,0.0
2024,10,Haas F1 Team,8,7.0,0.0
2024,10,Williams,9,2.0,0.0
2024,10,Sauber,10,0.0,0.0
2024,11,Red Bull,1,355.0,7.0
2024,11,Ferrari,2,291.0,2.0
2024,11,McLaren,3,268.0,1.0
2024,11,Mercedes,4,196.0,1.0
2024,11,Aston Martin,5,58.0,0.0
2024,11,RB F1 Team,6,30.0,0.0
2024,11,Haas F1 Team,7,19.0,0.0
2024,11,Alpine F1 Team,8,9.0,0.0
2024,11,Williams,9,2.0,0.0
2024,11,Sauber,10,0.0,0.0
2024,12,Red Bull,1,373.0,7.0
2024,12,Ferrari,2,302.0,2.0
2024,12,McLaren,3,295.0,1.0
2024,12,Mercedes,4,221.0,2.0
2024,12,Aston Martin,5,68.0,0.0
2024,12,RB F1 Team,6,31.0,0.0
2024,12,Haas F1 Team,7,27.0,0.0
2024,12,Alpine F1 Team,8,9.0,0.0
2024,12,Williams,9,4.0,0.0
2024,12,Sauber,10,0.0,0.0
2024,13,Red Bull,1,389.0,7.0
2024,13,McLaren,2,338.0,2.0
2024,13,Ferrari,3,322.0,2.0
2024,13,Mercedes,4,241.0,2.0
2024,13,Aston Martin,5,69.0,0.0
2024,13,RB F1 Team,6,33.0,0.0
2024,13,Haas F1 Team,7,27.0,0.0
2024,13,Alpine F1 Team,8,9.0,0.0
2024,13,Williams,9,4.0,0.0
2024,13,Sauber,10,0.0,0.0
2024,14,Red Bull,1,408.0,7.0
2024,14,McLaren,2,366.0,2.0
2024,14,Ferrari,3,345.0,2.0
2024,14,Mercedes,4,266.0,3.0
2024,14,Aston Martin,5,73.0,0.0
2024,14,RB F1 Team,6,34.0,0.0
2024,14,Haas F1 Team,7,27.0,0.0
2024,14,Alpine F1 Team,8,11.0,0.0
2024,14,Williams,9,4.0,0.0
2024,14,Sauber,10,0.0,0.0
2024,15,Red Bull,1,434.0,7.0
2024,15,McLaren,2,404.0,3.0
2024,15,Ferrari,3,370.0,2.0
2024,15,Mercedes,4,276.0,3.0
2024,15,Aston Martin,5,74.0,0.0
2024,15,RB F1 Team,6,34.0,0.0
2024,15,Haas F1 Team,7,27.0,0.0
2024,15,Alpine F1 Team,8,13.0,0.0
2024,15,Williams,9,4.0,0.0
2024,15,Sauber,10,0.0,0.0
2024,16,Red Bull,1,446.0,7.0
2024,16,McLaren,2,438.0,3.0
2024,16,Ferrari,3,407.0,3.0
2024,16,Mercedes,4,292.0,3.0
2024,16,Aston Martin,5,74.0,0.0
2024,16,RB F1 Team,6,34.0,0.0
2024,16,Haas F1 Team,7,28.0,0.0
2024,16,Alpine F1 Team,8,13.0,0.0
2024,16,Williams,9,6.0,0.0
2024,16,Sauber,10,0.0,0.0
2024,17,McLaren,1,476.0,4.0
2024,17,Red Bull,2,456.0,7.0
2024,17,Ferrari,3,425.0,3.0
2024,17,Mercedes,4,309.0,3.0
2024,17,Aston Martin,5,82.0,0.0
2024,17,RB F1 Team,6,34.0,0.0
2024,17,Haas F1 Team,7,29.0,0.0
2024,17,Williams,8,16.0,0.0
2024,17,Alpine F1 Team,9,13.0,0.0
2024,17,Sauber,10,0.0,0.0
2024,18,McLaren,1,516.0,5.0
2024,18,Red Bull,2,475.0,7.0
2024,18,Ferrari,3,441.0,3.0
2024,18,Mercedes,4,329.0,3.0
2024,18,Aston Martin,5,86.0,0.0
2024,18,RB F1 Team,6,34.0,0.0
2024,18,Haas F1 Team,7,31.0,0.0
2024,18,Williams,8,16.0,0.0
2024,18,Alpine F1 Team,9,13.0,0.0
2024,18,Sauber,10,0.0,0.0
2024,19,McLaren,1,544.0,5.0
2024,19,Red Bull,2,504.0,7.0
2024,19,Ferrari,3,496.0,4.0
2024,19,Mercedes,4,344.0,3.0
2024,19,Aston Martin,5,86.0,0.0
2024,19,Haas F1 Team,6,38.0,0.0
2024,19,RB F1 Team,7,36.0,0.0
2024,19,Williams,8,17.0,0.0
2024,19,Alpine F1 Team,9,13.0,0.0
2024,19,Sauber,10,0.0,0.0
2024,20,McLaren,1,566.0,5.0
2024,20,Ferrari,2,537.0,5.0
2024,20,Red Bull,3,512.0,7.0
2024,20,Mercedes,4,366.0,3.0
2024,20,Aston Martin,5,86.0,0.0
2024,20,Haas F1 Team,6,46.0,0.0
2024,20,RB F1 Team,7,36.0,0.0
2024,20,Williams,8,17.0,0.0
2024,20,Alpine F1 Team,9,14.0,0.0
2024,20,Sauber,10,0.0,0.0
2024,21,McLaren,1,593.0,5.0
2024,21,Ferrari,2,557.0,5.0
2024,21,Red Bull,3,544.0,8.0
2024,21,Mercedes,4,382.0,3.0
2024,21,Aston Martin,5,86.0,0.0
2024,21,Alpine F1 Team,6,49.0,0.0
2024,21,Haas F1 Team,7,46.0,0.0
2024,21,RB F1 Team,8,44.0,0.0
2024,21,Williams,9,17.0,0.0
2024,21,Sauber,10,0.0,0.0
2024,22,McLaren,1,608.0,5.0
2024,22,Ferrari,2,584.0,5.0
2024,22,Red Bull,3,555.0,8.0
2024,22,Mercedes,4,425.0,4.0
2024,22,Aston Martin,5,86.0,0.0
2024,22,Haas F1 Team,6,50.0,0.0
2024,22,Alpine F1 Team,7,49.0,0.0
2024,22,RB F1 Team,8,46.0,0.0
2024,22,Williams,9,17.0,0.0
2024,22,Sauber,10,0.0,0.0
2024,23,McLaren,1,640.0,5.0
2024,23,Ferrari,2,619.0,5.0
2024,23,Red Bull,3,581.0,9.0
2024,23,Mercedes,4,446.0,4.0
2024,23,Aston Martin,5,92.0,0.0
2024,23,Alpine F1 Team,6,59.0,0.0
2024,23,Haas F1 Team,7,54.0,0.0
2024,23,RB F1 Team,8,46.0,0.0
2024,23,Williams,9,17.0,0.0
2024,23,Sauber,10,4.0,0.0
2024,24,McLaren,1,666.0,6.0
2024,24,Ferrari,2,652.0,5.0
2024,24,Red Bull,3,589.0,9.0
2024,24,Mercedes,4,468.0,4.0
2024,24,Aston Martin,5,94.0,0.0
2024,24,Alpine F1 Team,6,65.0,0.0
2024,24,Haas F1 Team,7,58.0,0.0
2024,24,RB F1 Team,8,46.0,0.0
2024,24,Williams,9,17.0,0.0
2024,24,Sauber,10,4.0,0.0
2025,1,McLaren,1,27.0,1.0
2025,1,Mercedes,2,27.0,0.0
2025,1,Red Bull,3,18.0,0.0
2025,1,Williams,4,10.0,0.0
2025,1,Aston Martin,5,8.0,0.0
2025,1,Sauber,6,6.0,0.0
2025,1,Ferrari,7,5.0,0.0
2025,1,Alpine F1 Team,8,0.0,0.0
2025,1,Haas F1 Team,9,0.0,0.0
2025,1,RB F1 Team,10,0.0,0.0
2025,2,McLaren,1,78.0,2.0
2025,2,Mercedes,2,57.0,0.0
2025,2,Red Bull,3,36.0,0.0
2025,2,Ferrari,4,17.0,0.0
2025,2,Williams,5,17.0,0.0
2025,2,Haas F1 Team,6,14.0,0.0
2025,2,Aston Martin,7,10.0,0.0
2025,2,Sauber,8,6.0,0.0
2025,2,RB F1 Team,9,3.0,0.0
2025,2,Alpine F1 Team,10,0.0,0.0
2025,3,McLaren,1,111.0,2.0
2025,3,Mercedes,2,75.0,0.0
2025,3,Red Bull,3,61.0,1.0
2025,3,Ferrari,4,35.0,0.0
2025,3,Williams,5,19.0,0.0
2025,3,Haas F1 Team,6,15.0,0.0
2025,3,Aston Martin,7,10.0,0.0
2025,3,RB F1 Team,8,7.0,0.0
2025,3,Sauber,9,6.0,0.0
2025,3,Alpine F1 Team,10,0.0,0.0
2025,4,McLaren,1,151.0,3.0
2025,4,Mercedes,2,93.0,0.0
2025,4,Red Bull,3,71.0,1.0
2025,4,Ferrari,4,57.0,0.0
2025,4,Haas F1 Team,5,20.0,0.0
2025,4,Williams,6,19.0,0.0
2025,4,Aston Martin,7,10.0,0.0
2025,4,RB F1 Team,8,7.0,0.0
2025,4,Alpine F1 Team,9,6.0,0.0
2025,4,Sauber,10,6.0,0.0
2025,5,McLaren,1,188.0,4.0
2025,5,Mercedes,2,111.0,0.0
2025,5,Red Bull,3,89.0,1.0
2025,5,Ferrari,4,78.0,0.0
2025,5,Williams,5,25.0,0.0
2025,5,Haas F1 Team,6,20.0,0.0
2025,5,Aston Martin,7,10.0,0.0
2025,5,RB F1 Team,8,8.0,0.0
2025,5,Alpine F1 Team,9,6.0,0.0
2025,5,Sauber,10,6.0,0.0
2025,6,McLaren,1,246.0,5.0
2025,6,Mercedes,2,141.0,0.0
2025,6,Red Bull,3,105.0,1.0
2025,6,Ferrari,4,94.0,0.0
2025,6,Williams,5,37.0,0.0
2025,6,Haas F1 Team,6,20.0,0.0
2025,6,Aston Martin,7,14.0,0.0
2025,6,RB F1 Team,8,8.0,0.0
2025,6,Alpine F1 Team,9,7.0,0.0
2025,6,Sauber,10,6.0,0.0
2025,7,McLaren,1,279.0,5.0
2025,7,Mercedes,2,147.0,0.0
2025,7,Red Bull,3,131.0,2.0
2025,7,Ferrari,4,114.0,0.0
2025,7,Williams,5,51.0,0.0
2025,7,Haas F1 Team,6,20.0,0.0
2025,7,Aston Martin,7,14.0,0.0
2025,7,RB F1 Team,8,10.0,0.0
2025,7,Alpine F1 Team,9,7.0,0.0
2025,7,Sauber,10,6.0,0.0
2025,8,McLaren,1,319.0,6.0
2025,8,Mercedes,2,147.0,0.0
2025,8,Red Bull,3,143.0,2.0
2025,8,Ferrari,4,142.0,0.0
2025,8,Williams,5,54.0,0.0
2025,8,Haas F1 Team,6,26.0,0.0
2025,8,RB F1 Team,7,22.0,0.0
2025,8,Aston Martin,8,14.0,0.0
2025,8,Alpine F1 Team,9,7.0,0.0
2025,8,Sauber,10,6.0,0.0
2025,9,McLaren,1,362.0,7.0
2025,9,Ferrari,2,165.0,0.0
2025,9,Mercedes,3,159.0,0.0
2025,9,Red Bull,4,144.0,2.0
2025,9,Williams,5,54.0,0.0
2025,9,RB F1 Team,6,28.0,0.0
2025,9,Haas F1 Team,7,26.0,0.0
2025,9,Aston Martin,8,16.0,0.0
2025,9,Sauber,9,16.0,0.0
2025,9,Alpine F1 Team,10,11.0,0.0
2025,10,McLaren,1,374.0,7.0
2025,10,Mercedes,2,199.0,1.0
2025,10,Ferrari,3,183.0,0.0
2025,10,Red Bull,4,162.0,2.0
2025,10,Williams,5,55.0,0.0
2025,10,Haas F1 Team,6,28.0,0.0
2025,10,RB F1 Team,7,28.0,0.0
2025,10,Aston Martin,8,22.0,0.0
2025,10,Sauber,9,20.0,0.0
2025,10,Alpine F1 Team,10,11.0,0.0
2025,11,McLaren,1,417.0,8.0
2025,11,Ferrari,2,210.0,0.0
2025,11,Mercedes,3,209.0,1.0
2025,11,Red Bull,4,162.0,2.0
2025,11,Williams,5,55.0,0.0
2025,11,RB F1 Team,6,36.0,0.0
2025,11,Haas F1 Team,7,29.0,0.0
2025,11,Aston Martin,8,28.0,0.0
2025,11,Sauber,9,26.0,0.0
2025,11,Alpine F1 Team,10,11.0,0.0
2025,12,McLaren,1,460.0,9.0
2025,12,Ferrari,2,222.0,0.0
2025,12,Mercedes,3,210.0,1.0
2025,12,Red Bull,4,172.0,2.0
2025,12,Williams,5,59.0,0.0
2025,12,Sauber,6,41.0,0.0
2025,12,Aston Martin,7,36.0,0.0
2025,12,RB F1 Team,8,36.0,0.0
2025,12,Haas F1 Team,9,29.0,0.0
2025,12,Alpine F1 Team,10,19.0,0.0
2025,13,McLaren,1,516.0,10.0
2025,13,Ferrari,2,248.0,0.0
2025,13,Mercedes,3,220.0,1.0
2025,13,Red Bull,4,192.0,2.0
2025,13,Williams,5,70.0,0.0
2025,13,Sauber,6,43.0,0.0
2025,13,RB F1 Team,7,41.0,0.0
2025,13,Aston Martin,8,36.0,0.0
2025,13,Haas F1 Team,9,35.0,0.0
2025,13,Alpine F1 Team,10,20.0,0.0
2025,14,McLaren,1,559.0,11.0
2025,14,Ferrari,2,260.0,0.0
2025,14,Mercedes,3,236.0,1.0
2025,14,Red Bull,4,194.0,2.0
2025,14,Williams,5,70.0,0.0
2025,14,Aston Martin,6,52.0,0.0
2025,14,Sauber,7,51.0,0.0
2025,14,RB F1 Team,8,45.0,0.0
2025,14,Haas F1 Team,9,35.0,0.0
2025,14,Alpine F1 Team,10,20.0,0.0
2025,15,McLaren,1,584.0,12.0
2025,15,Ferrari,2,260.0,0.0
2025,15,Mercedes,3,248.0,1.0
2025,15,Red Bull,4,214.0,2.0
2025,15,Williams,5,80.0,0.0
2025,15,Aston Martin,6,62.0,0.0
2025,15,RB F1 Team,7,60.0,0.0
2025,15,Sauber,8,51.0,0.0
2025,15,Haas F1 Team,9,44.0,0.0
2025,15,Alpine F1 Team,10,20.0,0.0
2025,16,McLaren,1,617.0,12.0
2025,16,Ferrari,2,280.0,0.0
2025,16,Mercedes,3,260.0,1.0
2025,16,Red Bull,4,239.0,3.0
2025,16,Williams,5,86.0,0.0
2025,16,Aston Martin,6,62.0,0.0
2025,16,RB F1 Team,7,61.0,0.0
2025,16,Sauber,8,55.0,0.0
2025,16,Haas F1 Team,9,44.0,0.0
2025,16,Alpine F1 Team,10,20.0,0.0
2025,17,McLaren,1,623.0,12.0
2025,17,Mercedes,2,290.0,1.0
2025,17,Ferrari,3,286.0,0.0
2025,17,Red Bull,4,272.0,4.0
2025,17,Williams,5,101.0,0.0
2025,17,RB F1 Team,6,72.0,0.0
2025,17,Aston Martin,7,62.0,0.0
2025,17,Sauber,8,55.0,0.0
2025,17,Haas F1 Team,9,44.0,0.0
2025,17,Alpine F1 Team,10,20.0,0.0
2025,18,McLaren,1,650.0,12.0
2025,18,Mercedes,2,325.0,2.0
2025,18,Ferrari,3,298.0,0.0
2025,18,Red Bull,4,290.0,4.0
2025,18,Williams,5,102.0,0.0
2025,18,RB F1 Team,6,72.0,0.0
2025,18,Aston Martin,7,68.0,0.0
2025,18,Sauber,8,55.0,0.0
2025,18,Haas F1 Team,9,46.0,0.0
2025,18,Alpine F1 Team,10,20.0,0.0
2025,19,McLaren,1,678.0,12.0
2025,19,Mercedes,2,341.0,2.0
2025,19,Ferrari,3,334.0,0.0
2025,19,Red Bull,4,331.0,5.0
2025,19,Williams,5,111.0,0.0
2025,19,RB F1 Team,6,72.0,0.0
2025,19,Aston Martin,7,69.0,0.0
2025,19,Sauber,8,59.0,0.0
2025,19,Haas F1 Team,9,48.0,0.0
2025,19,Alpine F1 Team,10,20.0,0.0
2025,20,McLaren,1,713.0,13.0
2025,20,Ferrari,2,356.0,0.0
2025,20,Mercedes,3,355.0,2.0
2025,20,Red Bull,4,346.0,5.0
2025,20,Williams,5,111.0,0.0
2025,20,RB F1 Team,6,72.0,0.0
2025,20,Aston Martin,7,69.0,0.0
2025,20,Haas F1 Team,8,62.0,0.0
2025,20,Sauber,9,60.0,0.0
2025,20,Alpine F1 Team,10,20.0,0.0
2025,21,McLaren,1,756.0,14.0
2025,21,Mercedes,2,398.0,2.0
2025,21,Red Bull,3,366.0,5.0
2025,21,Ferrari,4,362.0,0.0
2025,21,Williams,5,111.0,0.0
2025,21,RB F1 Team,6,82.0,0.0
2025,21,Aston Martin,7,72.0,0.0
2025,21,Haas F1 Team,8,70.0,0.0
2025,21,Sauber,9,62.0,0.0
2025,21,Alpine F1 Team,10,22.0,0.0
2025,22,McLaren,1,756.0,14.0
2025,22,Mercedes,2,431.0,2.0
2025,22,Red Bull,3,391.0,6.0
2025,22,Ferrari,4,378.0,0.0
2025,22,Williams,5,121.0,0.0
2025,22,RB F1 Team,6,90.0,0.0
2025,22,Haas F1 Team,7,73.0,0.0
2025,22,Aston Martin,8,72.0,0.0
2025,22,Sauber,9,68.0,0.0
2025,22,Alpine F1 Team,10,22.0,0.0
2025,23,McLaren,1,800.0,14.0
2025,23,Mercedes,2,459.0,2.0
2025,23,Red Bull,3,426.0,7.0
2025,23,Ferrari,4,382.0,0.0
2025,23,Williams,5,137.0,0.0
2025,23,RB F1 Team,6,92.0,0.0
2025,23,Aston Martin,7,80.0,0.0
2025,23,Haas F1 Team,8,73.0,0.0
2025,23,Sauber,9,68.0,0.0
2025,23,Alpine F1 Team,10,22.0,0.0
2025,24,McLaren,1,833.0,14.0
2025,24,Mercedes,2,469.0,2.0
2025,24,Red Bull,3,451.0,8.0
2025,24,Ferrari,4,398.0,0.0
2025,24,Williams,5,137.0,0.0
2025,24,RB F1 Team,6,92.0,0.0
2025,24,Aston Martin,7,89.0,0.0
2025,24,Haas F1 Team,8,79.0,0.0
2025,24,Sauber,9,70.0,0.0
2025,24,Alpine F1 Team,10,22.0,0.0
