season,round,driver_id,driver,championship_position,championship_points,wins
2026,15,antonelli,Andrea Kimi Antonelli,1,302.0,8
2026,15,russell,George Russell,2,236.0,3
2026,15,hamilton,Lewis Hamilton,3,199.0,1
2026,15,norris,Lando Norris,4,186.0,2
2026,15,leclerc,Charles Leclerc,5,179.0,1
2026,15,max_verstappen,Max Verstappen,6,163.0,0
2026,15,piastri,Oscar Piastri,7,120.0,0
2026,15,hadjar,Isack Hadjar,8,86.0,0
2026,15,lawson,Liam Lawson,9,59.0,0
2026,15,gasly,Pierre Gasly,10,41.0,0
2026,15,arvid_lindblad,Arvid Lindblad,11,37.0,0
2026,15,colapinto,Franco Colapinto,12,27.0,0
2026,15,bearman,Oliver Bearman,13,20.0,0
2026,15,bortoleto,Gabriel Bortoleto,14,10.0,0
2026,15,hulkenberg,Nico Hülkenberg,15,7.0,0
2026,15,ocon,Esteban Ocon,16,7.0,0
2026,15,sainz,Carlos Sainz,17,7.0,0
2026,15,albon,Alexander Albon,18,5.0,0
2026,15,alonso,Fernando Alonso,19,3.0,0
2026,15,tsunoda,Yuki Tsunoda,20,1.0,0
2026,15,stroll,Lance Stroll,21,0.0,0
2026,15,bottas,Valtteri Bottas,22,0.0,0
2026,15,perez,Sergio Pérez,23,0.0,0
