season,driver_id,driver,actual_champion,championship_probability,expected_final_position,most_likely_final_position,expected_final_points,championship_wins
2021,hamilton,Lewis Hamilton,False,87.49,1.1251,1,346.88238525390625,8749
2021,max_verstappen,Max Verstappen,True,12.509999999999998,1.879,2,308.7825927734375,1251
2021,sainz,Carlos Sainz,False,0.0,5.6264,5,177.54820251464844,0
2021,ricciardo,Daniel Ricciardo,False,0.0,6.369,8,165.1179962158203,0
2021,bottas,Valtteri Bottas,False,0.0,3.3817,3,224.00750732421875,0
2021,alonso,Fernando Alonso,False,0.0,9.9661,10,86.43840026855469,0
2021,norris,Lando Norris,False,0.0,4.4139,4,198.50689697265625,0
2021,raikkonen,Kimi Räikkönen,False,0.0,17.3098,18,14.407500267028809,0
2021,perez,Sergio Pérez,False,0.0,6.3923,7,165.8867950439453,0
2021,russell,George Russell,False,0.0,14.549,15,34.73419952392578,0
2021,stroll,Lance Stroll,False,0.0,13.3041,13,45.65620040893555,0
2021,vettel,Sebastian Vettel,False,0.0,12.3359,12,55.37310028076172,0
2021,gasly,Pierre Gasly,False,0.0,9.5312,9,93.83360290527344,0
2021,ocon,Esteban Ocon,False,0.0,11.0662,11,70.2781982421875,0
2021,leclerc,Charles Leclerc,False,0.0,6.8453,8,158.1685028076172,0
2021,giovinazzi,Antonio Giovinazzi,False,0.0,17.9399,19,11.097599983215332,0
2021,tsunoda,Yuki Tsunoda,False,0.0,13.9052,14,40.775299072265625,0
2021,mazepin,Nikita Mazepin,False,0.0,18.8118,20,6.737100124359131,0
2021,latifi,Nicholas Latifi,False,0.0,16.5424,16,19.724599838256836,0
2021,mick_schumacher,Mick Schumacher,False,0.0,18.7057,20,7.543300151824951,0
2022,max_verstappen,Max Verstappen,True,99.96000000000001,1.0004,1,392.05609130859375,9996
2022,russell,George Russell,False,0.0,3.905,3,250.908203125,0
2022,leclerc,Charles Leclerc,False,0.04,2.5414,2,280.9111022949219,4
2022,hamilton,Lewis Hamilton,False,0.0,4.9996,6,229.18609619140625,0
2022,perez,Sergio Pérez,False,0.0,3.8827,4,251.78359985351562,0
2022,alonso,Fernando Alonso,False,0.0,8.3058,9,111.9136962890625,0
2022,norris,Lando Norris,False,0.0,7.8727,7,121.55370330810547,0
2022,sainz,Carlos Sainz,False,0.0,4.6715,6,236.5146942138672,0
2022,ocon,Esteban Ocon,False,0.0,7.9277,7,120.69519805908203,0
2022,stroll,Lance Stroll,False,0.0,17.5351,19,16.031099319458008,0
2022,gasly,Pierre Gasly,False,0.0,13.753,14,36.64739990234375,0
2022,albon,Alexander Albon,False,0.0,17.6167,19,15.557999610900879,0
2022,mick_schumacher,Mick Schumacher,False,0.0,15.3441,16,27.5093994140625,0
2022,vettel,Sebastian Vettel,False,0.0,14.2675,15,33.1525993347168,0
2022,kevin_magnussen,Kevin Magnussen,False,0.0,12.6433,12,44.438201904296875,0
2022,zhou,Guanyu Zhou,False,0.0,17.2467,19,17.628999710083008,0
2022,ricciardo,Daniel Ricciardo,False,0.0,11.891,11,51.75550079345703,0
2022,latifi,Nicholas Latifi,False,0.0,19.37,20,6.280300140380859,0
2022,bottas,Valtteri Bottas,False,0.0,10.3252,10,70.12069702148438,0
2022,tsunoda,Yuki Tsunoda,False,0.0,14.9006,14,30.35540008544922,0
2023,sainz,Carlos Sainz,False,0.0,4.7493,4,212.45970153808594,0
2023,norris,Lando Norris,False,0.0,7.3074,8,162.04640197753906,0
2023,hamilton,Lewis Hamilton,False,0.0,3.2017,3,250.08270263671875,0
2023,leclerc,Charles Leclerc,False,0.0,5.6696,6,194.89010620117188,0
2023,max_verstappen,Max Verstappen,True,100.0,1.0,1,500.5361022949219,10000
2023,gasly,Pierre Gasly,False,0.0,10.7211,11,71.91529846191406,0
2023,piastri,Oscar Piastri,False,0.0,10.1051,9,80.72370147705078,0
2023,perez,Sergio Pérez,False,0.0,2.0571,2,303.69140625,0
2023,lawson,Liam Lawson,False,0.0,17.5331,19,12.902400016784668,0
2023,kevin_magnussen,Kevin Magnussen,False,0.0,17.6152,19,12.37339973449707,0
2023,albon,Alexander Albon,False,0.0,13.0676,13,43.44449996948242,0
2023,zhou,Guanyu Zhou,False,0.0,16.4505,15,18.308000564575195,0
2023,hulkenberg,Nico Hülkenberg,False,0.0,15.4856,15,23.32830047607422,0
2023,sargeant,Logan Sargeant,False,0.0,18.6729,20,7.751500129699707,0
2023,alonso,Fernando Alonso,False,0.0,4.9658,5,208.00669860839844,0
2023,russell,George Russell,False,0.0,7.0549,7,167.42820739746094,0
2023,bottas,Valtteri Bottas,False,0.0,15.5825,14,23.219200134277344,0
2023,ocon,Esteban Ocon,False,0.0,11.1327,12,67.06159973144531,0
2023,tsunoda,Yuki Tsunoda,False,0.0,17.2217,19,14.70479965209961,0
2023,stroll,Lance Stroll,False,0.0,10.4062,10,76.1259994506836,0
2024,norris,Lando Norris,False,0.6799999999999999,2.0409,2,347.8656005859375,68
2024,max_verstappen,Max Verstappen,True,99.32,1.0068,1,441.2857971191406,9932
2024,leclerc,Charles Leclerc,False,0.0,3.6957,3,277.1361083984375,0
2024,piastri,Oscar Piastri,False,0.0,4.5149,4,258.2419128417969,0
2024,sainz,Carlos Sainz,False,0.0,4.7352,5,253.80450439453125,0
2024,perez,Sergio Pérez,False,0.0,6.7841,7,211.7779998779297,0
2024,russell,George Russell,False,0.0,7.4764,8,194.3240966796875,0
2024,hamilton,Lewis Hamilton,False,0.0,5.7485,6,233.8468017578125,0
2024,gasly,Pierre Gasly,False,0.0,13.493,12,37.1786003112793,0
2024,alonso,Fernando Alonso,False,0.0,9.0724,9,101.74410247802734,0
2024,hulkenberg,Nico Hülkenberg,False,0.0,12.967,12,39.40010070800781,0
2024,ricciardo,Daniel Ricciardo,False,0.0,13.713,14,35.13079833984375,0
2024,stroll,Lance Stroll,False,0.0,10.8907,10,58.11759948730469,0
2024,albon,Alexander Albon,False,0.0,16.7726,18,19.272499084472656,0
2024,ocon,Esteban Ocon,False,0.0,14.7196,16,29.82740020751953,0
2024,sargeant,Logan Sargeant,False,0.0,17.129,20,17.43320083618164,0
2024,tsunoda,Yuki Tsunoda,False,0.0,12.1292,11,45.92210006713867,0
2024,kevin_magnussen,Kevin Magnussen,False,0.0,17.6526,19,15.228599548339844,0
2024,bottas,Valtteri Bottas,False,0.0,17.6881,20,14.925200462341309,0
2024,zhou,Guanyu Zhou,False,0.0,17.7703,20,14.536999702453613,0
2025,piastri,Oscar Piastri,False,98.91,1.0109,1,467.8970947265625,9891
2025,max_verstappen,Max Verstappen,False,0.0,3.3272,3,290.1426086425781,0
2025,hadjar,Isack Hadjar,False,0.0,10.153,9,80.90460205078125,0
2025,russell,George Russell,False,0.0,3.9611,4,266.1451110839844,0
2025,albon,Alexander Albon,False,0.0,8.1695,7,100.6365966796875,0
2025,bearman,Oliver Bearman,False,0.0,16.5734,18,39.64500045776367,0
2025,stroll,Lance Stroll,False,0.0,11.4948,10,70.18419647216797,0
2025,alonso,Fernando Alonso,False,0.0,12.5237,12,63.26110076904297,0
2025,tsunoda,Yuki Tsunoda,False,0.0,14.1059,14,53.982601165771484,0
2025,ocon,Esteban Ocon,False,0.0,14.168,15,53.327999114990234,0
2025,colapinto,Franco Colapinto,False,0.0,19.5002,20,16.77239990234375,0
2025,lawson,Liam Lawson,False,0.0,13.9317,15,54.92179870605469,0
2025,sainz,Carlos Sainz,False,0.0,16.212,19,41.6952018737793,0
2025,hulkenberg,Nico Hülkenberg,False,0.0,11.7487,11,67.793701171875,0
2025,bortoleto,Gabriel Bortoleto,False,0.0,16.6596,19,39.06930160522461,0
2025,antonelli,Andrea Kimi Antonelli,False,0.0,8.0129,7,103.43160247802734,0
2025,gasly,Pierre Gasly,False,0.0,15.7192,17,44.756099700927734,0
2025,norris,Lando Norris,True,1.09,2.0043,2,378.79779052734375,109
2025,leclerc,Charles Leclerc,False,0.0,4.7268,5,237.67140197753906,0
2025,hamilton,Lewis Hamilton,False,0.0,5.9971,6,168.96380615234375,0
