season,round,race,driver_id,driver,constructor,grid,position,points,status,laps
2021,10,British Grand Prix,max_verstappen,Max Verstappen,Red Bull,2,1,3,Finished,17
2021,10,British Grand Prix,hamilton,Lewis Hamilton,Mercedes,1,2,2,Finished,17
2021,10,British Grand Prix,bottas,Valtteri Bottas,Mercedes,3,3,1,Finished,17
2021,10,British Grand Prix,leclerc,Charles Leclerc,Ferrari,4,4,0,Finished,17
2021,10,British Grand Prix,norris,Lando Norris,McLaren,6,5,0,Finished,17
2021,10,British Grand Prix,ricciardo,Daniel Ricciardo,McLaren,7,6,0,Finished,17
2021,10,British Grand Prix,alonso,Fernando Alonso,Alpine F1 Team,11,7,0,Finished,17
2021,10,British Grand Prix,vettel,Sebastian Vettel,Aston Martin,10,8,0,Finished,17
2021,10,British Grand Prix,russell,George Russell,Williams,8,9,0,Finished,17
2021,10,British Grand Prix,ocon,Esteban Ocon,Alpine F1 Team,13,10,0,Finished,17
2021,10,British Grand Prix,sainz,Carlos Sainz,Ferrari,9,11,0,Finished,17
2021,10,British Grand Prix,gasly,Pierre Gasly,AlphaTauri,12,12,0,Finished,17
2021,10,British Grand Prix,raikkonen,Kimi Räikkönen,Alfa Romeo,17,13,0,Finished,17
2021,10,British Grand Prix,stroll,Lance Stroll,Aston Martin,15,14,0,Finished,17
2021,10,British Grand Prix,giovinazzi,Antonio Giovinazzi,Alfa Romeo,14,15,0,Finished,17
2021,10,British Grand Prix,tsunoda,Yuki Tsunoda,AlphaTauri,16,16,0,Finished,17
2021,10,British Grand Prix,latifi,Nicholas Latifi,Williams,18,17,0,Finished,17
2021,10,British Grand Prix,mick_schumacher,Mick Schumacher,Haas F1 Team,19,18,0,Finished,17
2021,10,British Grand Prix,mazepin,Nikita Mazepin,Haas F1 Team,20,19,0,Finished,17
2021,10,British Grand Prix,perez,Sergio Pérez,Red Bull,5,20,0,Vibrations,16
2021,14,Italian Grand Prix,bottas,Valtteri Bottas,Mercedes,1,1,3,Finished,18
2021,14,Italian Grand Prix,max_verstappen,Max Verstappen,Red Bull,3,2,2,Finished,18
2021,14,Italian Grand Prix,ricciardo,Daniel Ricciardo,McLaren,5,3,1,Finished,18
2021,14,Italian Grand Prix,norris,Lando Norris,McLaren,4,4,0,Finished,18
2021,14,Italian Grand Prix,hamilton,Lewis Hamilton,Mercedes,2,5,0,Finished,18
2021,14,Italian Grand Prix,leclerc,Charles Leclerc,Ferrari,8,6,0,Finished,18
2021,14,Italian Grand Prix,sainz,Carlos Sainz,Ferrari,7,7,0,Finished,18
2021,14,Italian Grand Prix,giovinazzi,Antonio Giovinazzi,Alfa Romeo,10,8,0,Finished,18
2021,14,Italian Grand Prix,perez,Sergio Pérez,Red Bull,9,9,0,Finished,18
2021,14,Italian Grand Prix,stroll,Lance Stroll,Aston Martin,12,10,0,Finished,18
2021,14,Italian Grand Prix,alonso,Fernando Alonso,Alpine F1 Team,13,11,0,Finished,18
2021,14,Italian Grand Prix,vettel,Sebastian Vettel,Aston Martin,11,12,0,Finished,18
2021,14,Italian Grand Prix,ocon,Esteban Ocon,Alpine F1 Team,14,13,0,Finished,18
2021,14,Italian Grand Prix,latifi,Nicholas Latifi,Williams,16,14,0,Finished,18
2021,14,Italian Grand Prix,russell,George Russell,Williams,15,15,0,Finished,18
2021,14,Italian Grand Prix,tsunoda,Yuki Tsunoda,AlphaTauri,17,16,0,Finished,18
2021,14,Italian Grand Prix,mazepin,Nikita Mazepin,Haas F1 Team,20,17,0,Finished,18
2021,14,Italian Grand Prix,kubica,Robert Kubica,Alfa Romeo,19,18,0,Finished,18
2021,14,Italian Grand Prix,mick_schumacher,Mick Schumacher,Haas F1 Team,18,19,0,Finished,18
2021,14,Italian Grand Prix,gasly,Pierre Gasly,AlphaTauri,6,20,0,Accident,0
2021,19,São Paulo Grand Prix,bottas,Valtteri Bottas,Mercedes,2,1,3,Finished,24
2021,19,São Paulo Grand Prix,max_verstappen,Max Verstappen,Red Bull,1,2,2,Finished,24
2021,19,São Paulo Grand Prix,sainz,Carlos Sainz,Ferrari,5,3,1,Finished,24
2021,19,São Paulo Grand Prix,perez,Sergio Pérez,Red Bull,3,4,0,Finished,24
2021,19,São Paulo Grand Prix,hamilton,Lewis Hamilton,Mercedes,20,5,0,Finished,24
2021,19,São Paulo Grand Prix,norris,Lando Norris,McLaren,7,6,0,Finished,24
2021,19,São Paulo Grand Prix,leclerc,Charles Leclerc,Ferrari,6,7,0,Finished,24
2021,19,São Paulo Grand Prix,gasly,Pierre Gasly,AlphaTauri,4,8,0,Finished,24
2021,19,São Paulo Grand Prix,ocon,Esteban Ocon,Alpine F1 Team,10,9,0,Finished,24
2021,19,São Paulo Grand Prix,vettel,Sebastian Vettel,Aston Martin,11,10,0,Finished,24
2021,19,São Paulo Grand Prix,ricciardo,Daniel Ricciardo,McLaren,8,11,0,Finished,24
2021,19,São Paulo Grand Prix,alonso,Fernando Alonso,Alpine F1 Team,9,12,0,Finished,24
2021,19,São Paulo Grand Prix,giovinazzi,Antonio Giovinazzi,Alfa Romeo,14,13,0,Finished,24
2021,19,São Paulo Grand Prix,stroll,Lance Stroll,Aston Martin,15,14,0,Finished,24
2021,19,São Paulo Grand Prix,tsunoda,Yuki Tsunoda,AlphaTauri,12,15,0,Finished,24
2021,19,São Paulo Grand Prix,latifi,Nicholas Latifi,Williams,16,16,0,Finished,24
2021,19,São Paulo Grand Prix,russell,George Russell,Williams,17,17,0,Finished,24
2021,19,São Paulo Grand Prix,raikkonen,Kimi Räikkönen,Alfa Romeo,13,18,0,Finished,24
2021,19,São Paulo Grand Prix,mick_schumacher,Mick Schumacher,Haas F1 Team,18,19,0,Finished,24
2021,19,São Paulo Grand Prix,mazepin,Nikita Mazepin,Haas F1 Team,19,20,0,Finished,24
2022,4,Emilia Romagna Grand Prix,max_verstappen,Max Verstappen,Red Bull,1,1,8,Finished,21
2022,4,Emilia Romagna Grand Prix,leclerc,Charles Leclerc,Ferrari,2,2,7,Finished,21
2022,4,Emilia Romagna Grand Prix,perez,Sergio Pérez,Red Bull,7,3,6,Finished,21
2022,4,Emilia Romagna Grand Prix,sainz,Carlos Sainz,Ferrari,10,4,5,Finished,21
2022,4,Emilia Romagna Grand Prix,norris,Lando Norris,McLaren,3,5,4,Finished,21
2022,4,Emilia Romagna Grand Prix,ricciardo,Daniel Ricciardo,McLaren,6,6,3,Finished,21
2022,4,Emilia Romagna Grand Prix,bottas,Valtteri Bottas,Alfa Romeo,8,7,2,Finished,21
2022,4,Emilia Romagna Grand Prix,kevin_magnussen,Kevin Magnussen,Haas F1 Team,4,8,1,Finished,21
2022,4,Emilia Romagna Grand Prix,alonso,Fernando Alonso,Alpine F1 Team,5,9,0,Finished,21
2022,4,Emilia Romagna Grand Prix,mick_schumacher,Mick Schumacher,Haas F1 Team,12,10,0,Finished,21
2022,4,Emilia Romagna Grand Prix,russell,George Russell,Mercedes,11,11,0,Finished,21
2022,4,Emilia Romagna Grand Prix,tsunoda,Yuki Tsunoda,AlphaTauri,16,12,0,Finished,21
2022,4,Emilia Romagna Grand Prix,vettel,Sebastian Vettel,Aston Martin,9,13,0,Finished,21
2022,4,Emilia Romagna Grand Prix,hamilton,Lewis Hamilton,Mercedes,13,14,0,Finished,21
2022,4,Emilia Romagna Grand Prix,stroll,Lance Stroll,Aston Martin,15,15,0,Finished,21
2022,4,Emilia Romagna Grand Prix,ocon,Esteban Ocon,Alpine F1 Team,19,16,0,Finished,21
2022,4,Emilia Romagna Grand Prix,gasly,Pierre Gasly,AlphaTauri,17,17,0,Finished,21
2022,4,Emilia Romagna Grand Prix,albon,Alexander Albon,Williams,20,18,0,Finished,21
2022,4,Emilia Romagna Grand Prix,latifi,Nicholas Latifi,Williams,18,19,0,Finished,21
2022,4,Emilia Romagna Grand Prix,zhou,Guanyu Zhou,Alfa Romeo,0,20,0,Retired,0
2022,11,Austrian Grand Prix,max_verstappen,Max Verstappen,Red Bull,1,1,8,Finished,23
2022,11,Austrian Grand Prix,leclerc,Charles Leclerc,Ferrari,2,2,7,Finished,23
2022,11,Austrian Grand Prix,sainz,Carlos Sainz,Ferrari,3,3,6,Finished,23
2022,11,Austrian Grand Prix,russell,George Russell,Mercedes,4,4,5,Finished,23
2022,11,Austrian Grand Prix,perez,Sergio Pérez,Red Bull,13,5,4,Finished,23
2022,11,Austrian Grand Prix,ocon,Esteban Ocon,Alpine F1 Team,5,6,3,Finished,23
2022,11,Austrian Grand Prix,kevin_magnussen,Kevin Magnussen,Haas F1 Team,6,7,2,Finished,23
2022,11,Austrian Grand Prix,hamilton,Lewis Hamilton,Mercedes,9,8,1,Finished,23
2022,11,Austrian Grand Prix,mick_schumacher,Mick Schumacher,Haas F1 Team,7,9,0,Finished,23
2022,11,Austrian Grand Prix,bottas,Valtteri Bottas,Alfa Romeo,12,10,0,Finished,23
2022,11,Austrian Grand Prix,norris,Lando Norris,McLaren,15,11,0,Finished,23
2022,11,Austrian Grand Prix,ricciardo,Daniel Ricciardo,McLaren,16,12,0,Finished,23
2022,11,Austrian Grand Prix,stroll,Lance Stroll,Aston Martin,17,13,0,Finished,23
2022,11,Austrian Grand Prix,zhou,Guanyu Zhou,Alfa Romeo,18,14,0,Finished,23
2022,11,Austrian Grand Prix,gasly,Pierre Gasly,AlphaTauri,10,15,0,Finished,23
2022,11,Austrian Grand Prix,albon,Alexander Albon,Williams,11,16,0,Finished,23
2022,11,Austrian Grand Prix,tsunoda,Yuki Tsunoda,AlphaTauri,14,17,0,Finished,23
2022,11,Austrian Grand Prix,latifi,Nicholas Latifi,Williams,19,18,0,Finished,23
2022,11,Austrian Grand Prix,vettel,Sebastian Vettel,Aston Martin,20,19,0,Collision damage,21
2022,11,Austrian Grand Prix,alonso,Fernando Alonso,Alpine F1 Team,8,20,0,Electrical,0
2022,21,São Paulo Grand Prix,russell,George Russell,Mercedes,3,1,8,Finished,24
2022,21,São Paulo Grand Prix,sainz,Carlos Sainz,Ferrari,5,2,7,Finished,24
2022,21,São Paulo Grand Prix,hamilton,Lewis Hamilton,Mercedes,8,3,6,Finished,24
2022,21,São Paulo Grand Prix,max_verstappen,Max Verstappen,Red Bull,2,4,5,Finished,24
2022,21,São Paulo Grand Prix,perez,Sergio Pérez,Red Bull,9,5,4,Finished,24
2022,21,São Paulo Grand Prix,leclerc,Charles Leclerc,Ferrari,10,6,3,Finished,24
2022,21,São Paulo Grand Prix,norris,Lando Norris,McLaren,4,7,2,Finished,24
2022,21,São Paulo Grand Prix,kevin_magnussen,Kevin Magnussen,Haas F1 Team,1,8,1,Finished,24
2022,21,São Paulo Grand Prix,vettel,Sebastian Vettel,Aston Martin,13,9,0,Finished,24
2022,21,São Paulo Grand Prix,gasly,Pierre Gasly,AlphaTauri,12,10,0,Finished,24
2022,21,São Paulo Grand Prix,ricciardo,Daniel Ricciardo,McLaren,14,11,0,Finished,24
2022,21,São Paulo Grand Prix,mick_schumacher,Mick Schumacher,Haas F1 Team,20,12,0,Finished,24
2022,21,São Paulo Grand Prix,zhou,Guanyu Zhou,Alfa Romeo,17,13,0,Finished,24
2022,21,São Paulo Grand Prix,bottas,Valtteri Bottas,Alfa Romeo,18,14,0,Finished,24
2022,21,São Paulo Grand Prix,tsunoda,Yuki Tsunoda,AlphaTauri,19,15,0,Finished,24
2022,21,São Paulo Grand Prix,stroll,Lance Stroll,Aston Martin,15,16,0,Finished,24
2022,21,São Paulo Grand Prix,ocon,Esteban Ocon,Alpine F1 Team,6,17,0,Finished,24
2022,21,São Paulo Grand Prix,alonso,Fernando Alonso,Alpine F1 Team,7,18,0,Finished,24
2022,21,São Paulo Grand Prix,latifi,Nicholas Latifi,Williams,16,19,0,Finished,24
2022,21,São Paulo Grand Prix,albon,Alexander Albon,Williams,11,20,0,Retired,12
2023,4,Azerbaijan Grand Prix,perez,Sergio Pérez,Red Bull,2,1,8,Finished,17
2023,4,Azerbaijan Grand Prix,leclerc,Charles Leclerc,Ferrari,1,2,7,Finished,17
2023,4,Azerbaijan Grand Prix,max_verstappen,Max Verstappen,Red Bull,3,3,6,Finished,17
2023,4,Azerbaijan Grand Prix,russell,George Russell,Mercedes,4,4,5,Finished,17
2023,4,Azerbaijan Grand Prix,sainz,Carlos Sainz,Ferrari,5,5,4,Finished,17
2023,4,Azerbaijan Grand Prix,alonso,Fernando Alonso,Aston Martin,8,6,3,Finished,17
2023,4,Azerbaijan Grand Prix,hamilton,Lewis Hamilton,Mercedes,6,7,2,Finished,17
2023,4,Azerbaijan Grand Prix,stroll,Lance Stroll,Aston Martin,9,8,1,Finished,17
2023,4,Azerbaijan Grand Prix,albon,Alexander Albon,Williams,7,9,0,Finished,17
2023,4,Azerbaijan Grand Prix,piastri,Oscar Piastri,McLaren,11,10,0,Finished,17
2023,4,Azerbaijan Grand Prix,kevin_magnussen,Kevin Magnussen,Haas F1 Team,13,11,0,Finished,17
2023,4,Azerbaijan Grand Prix,zhou,Guanyu Zhou,Alfa Romeo,14,12,0,Finished,17
2023,4,Azerbaijan Grand Prix,gasly,Pierre Gasly,Alpine F1 Team,17,13,0,Finished,17
2023,4,Azerbaijan Grand Prix,de_vries,Nyck de Vries,AlphaTauri,18,14,0,Finished,17
2023,4,Azerbaijan Grand Prix,hulkenberg,Nico Hülkenberg,Haas F1 Team,12,15,0,Finished,17
2023,4,Azerbaijan Grand Prix,bottas,Valtteri Bottas,Alfa Romeo,15,16,0,Finished,17
2023,4,Azerbaijan Grand Prix,norris,Lando Norris,McLaren,10,17,0,Finished,17
2023,4,Azerbaijan Grand Prix,ocon,Esteban Ocon,Alpine F1 Team,0,18,0,Finished,17
2023,4,Azerbaijan Grand Prix,tsunoda,Yuki Tsunoda,AlphaTauri,16,19,0,Collision damage,2
2023,4,Azerbaijan Grand Prix,sargeant,Logan Sargeant,Williams,0,20,0,Accident,0
2023,9,Austrian Grand Prix,max_verstappen,Max Verstappen,Red Bull,1,1,8,Finished,24
2023,9,Austrian Grand Prix,perez,Sergio Pérez,Red Bull,2,2,7,Finished,24
2023,9,Austrian Grand Prix,sainz,Carlos Sainz,Ferrari,5,3,6,Finished,24
2023,9,Austrian Grand Prix,stroll,Lance Stroll,Aston Martin,7,4,5,Finished,24
2023,9,Austrian Grand Prix,alonso,Fernando Alonso,Aston Martin,6,5,4,Finished,24
2023,9,Austrian Grand Prix,hulkenberg,Nico Hülkenberg,Haas F1 Team,4,6,3,Finished,24
2023,9,Austrian Grand Prix,ocon,Esteban Ocon,Alpine F1 Team,8,7,2,Finished,24
2023,9,Austrian Grand Prix,russell,George Russell,Mercedes,15,8,1,Finished,24
2023,9,Austrian Grand Prix,norris,Lando Norris,McLaren,3,9,0,Finished,24
2023,9,Austrian Grand Prix,hamilton,Lewis Hamilton,Mercedes,18,10,0,Finished,24
2023,9,Austrian Grand Prix,piastri,Oscar Piastri,McLaren,17,11,0,Finished,24
2023,9,Austrian Grand Prix,leclerc,Charles Leclerc,Ferrari,9,12,0,Finished,24
2023,9,Austrian Grand Prix,albon,Alexander Albon,Williams,11,13,0,Finished,24
2023,9,Austrian Grand Prix,kevin_magnussen,Kevin Magnussen,Haas F1 Team,10,14,0,Finished,24
2023,9,Austrian Grand Prix,gasly,Pierre Gasly,Alpine F1 Team,12,15,0,Finished,24
2023,9,Austrian Grand Prix,tsunoda,Yuki Tsunoda,AlphaTauri,13,16,0,Finished,24
2023,9,Austrian Grand Prix,de_vries,Nyck de Vries,AlphaTauri,14,17,0,Finished,24
2023,9,Austrian Grand Prix,sargeant,Logan Sargeant,Williams,20,18,0,Finished,24
2023,9,Austrian Grand Prix,zhou,Guanyu Zhou,Alfa Romeo,16,19,0,Finished,24
2023,9,Austrian Grand Prix,bottas,Valtteri Bottas,Alfa Romeo,19,20,0,Finished,24
2023,12,Belgian Grand Prix,max_verstappen,Max Verstappen,Red Bull,1,1,8,Finished,11
2023,12,Belgian Grand Prix,piastri,Oscar Piastri,McLaren,2,2,7,Finished,11
2023,12,Belgian Grand Prix,gasly,Pierre Gasly,Alpine F1 Team,6,3,6,Finished,11
2023,12,Belgian Grand Prix,sainz,Carlos Sainz,Ferrari,3,4,5,Finished,11
2023,12,Belgian Grand Prix,leclerc,Charles Leclerc,Ferrari,4,5,4,Finished,11
2023,12,Belgian Grand Prix,norris,Lando Norris,McLaren,5,6,3,Finished,11
2023,12,Belgian Grand Prix,hamilton,Lewis Hamilton,Mercedes,7,7,2,Finished,11
2023,12,Belgian Grand Prix,russell,George Russell,Mercedes,10,8,1,Finished,11
2023,12,Belgian Grand Prix,ocon,Esteban Ocon,Alpine F1 Team,9,9,0,Finished,11
2023,12,Belgian Grand Prix,ricciardo,Daniel Ricciardo,AlphaTauri,11,10,0,Finished,11
2023,12,Belgian Grand Prix,stroll,Lance Stroll,Aston Martin,14,11,0,Finished,11
2023,12,Belgian Grand Prix,albon,Alexander Albon,Williams,12,12,0,Finished,11
2023,12,Belgian Grand Prix,bottas,Valtteri Bottas,Alfa Romeo,17,13,0,Finished,11
2023,12,Belgian Grand Prix,kevin_magnussen,Kevin Magnussen,Haas F1 Team,18,14,0,Finished,11
2023,12,Belgian Grand Prix,zhou,Guanyu Zhou,Alfa Romeo,19,15,0,Finished,11
2023,12,Belgian Grand Prix,sargeant,Logan Sargeant,Williams,13,16,0,Finished,11
2023,12,Belgian Grand Prix,hulkenberg,Nico Hülkenberg,Haas F1 Team,20,17,0,Finished,11
2023,12,Belgian Grand Prix,tsunoda,Yuki Tsunoda,AlphaTauri,16,18,0,Finished,11
2023,12,Belgian Grand Prix,perez,Sergio Pérez,Red Bull,8,19,0,Collision damage,8
2023,12,Belgian Grand Prix,alonso,Fernando Alonso,Aston Martin,15,20,0,Accident,2
2023,17,Qatar Grand Prix,piastri,Oscar Piastri,McLaren,1,1,8,Finished,19
2023,17,Qatar Grand Prix,max_verstappen,Max Verstappen,Red Bull,3,2,7,Finished,19
2023,17,Qatar Grand Prix,norris,Lando Norris,McLaren,2,3,6,Finished,19
2023,17,Qatar Grand Prix,russell,George Russell,Mercedes,4,4,5,Finished,19
2023,17,Qatar Grand Prix,hamilton,Lewis Hamilton,Mercedes,12,5,4,Finished,19
2023,17,Qatar Grand Prix,sainz,Carlos Sainz,Ferrari,5,6,3,Finished,19
2023,17,Qatar Grand Prix,albon,Alexander Albon,Williams,17,7,2,Finished,19
2023,17,Qatar Grand Prix,alonso,Fernando Alonso,Aston Martin,9,8,1,Finished,19
2023,17,Qatar Grand Prix,gasly,Pierre Gasly,Alpine F1 Team,11,9,0,Finished,19
2023,17,Qatar Grand Prix,bottas,Valtteri Bottas,Alfa Romeo,13,10,0,Finished,19
2023,17,Qatar Grand Prix,tsunoda,Yuki Tsunoda,AlphaTauri,18,11,0,Finished,19
2023,17,Qatar Grand Prix,leclerc,Charles Leclerc,Ferrari,6,12,0,Finished,19
2023,17,Qatar Grand Prix,stroll,Lance Stroll,Aston Martin,16,13,0,Finished,19
2023,17,Qatar Grand Prix,kevin_magnussen,Kevin Magnussen,Haas F1 Team,19,14,0,Finished,19
2023,17,Qatar Grand Prix,zhou,Guanyu Zhou,Alfa Romeo,15,15,0,Finished,19
2023,17,Qatar Grand Prix,hulkenberg,Nico Hülkenberg,Haas F1 Team,7,16,0,Retired,11
2023,17,Qatar Grand Prix,ocon,Esteban Ocon,Alpine F1 Team,10,17,0,Retired,10
2023,17,Qatar Grand Prix,perez,Sergio Pérez,Red Bull,8,18,0,Retired,10
2023,17,Qatar Grand Prix,sargeant,Logan Sargeant,Williams,20,19,0,Retired,2
2023,17,Qatar Grand Prix,lawson,Liam Lawson,AlphaTauri,14,20,0,Retired,0
2023,18,United States Grand Prix,max_verstappen,Max Verstappen,Red Bull,1,1,8,Finished,19
2023,18,United States Grand Prix,hamilton,Lewis Hamilton,Mercedes,3,2,7,Finished,19
2023,18,United States Grand Prix,leclerc,Charles Leclerc,Ferrari,2,3,6,Finished,19
2023,18,United States Grand Prix,norris,Lando Norris,McLaren,4,4,5,Finished,19
2023,18,United States Grand Prix,perez,Sergio Pérez,Red Bull,7,5,4,Finished,19
2023,18,United States Grand Prix,sainz,Carlos Sainz,Ferrari,6,6,3,Finished,19
2023,18,United States Grand Prix,gasly,Pierre Gasly,Alpine F1 Team,9,7,2,Finished,19
2023,18,United States Grand Prix,russell,George Russell,Mercedes,11,8,1,Finished,19
2023,18,United States Grand Prix,albon,Alexander Albon,Williams,8,9,0,Finished,19
2023,18,United States Grand Prix,piastri,Oscar Piastri,McLaren,5,10,0,Finished,19
2023,18,United States Grand Prix,ocon,Esteban Ocon,Alpine F1 Team,13,11,0,Finished,19
2023,18,United States Grand Prix,ricciardo,Daniel Ricciardo,AlphaTauri,10,12,0,Finished,19
2023,18,United States Grand Prix,alonso,Fernando Alonso,Aston Martin,12,13,0,Finished,19
2023,18,United States Grand Prix,tsunoda,Yuki Tsunoda,AlphaTauri,19,14,0,Finished,19
2023,18,United States Grand Prix,hulkenberg,Nico Hülkenberg,Haas F1 Team,16,15,0,Finished,19
2023,18,United States Grand Prix,bottas,Valtteri Bottas,Alfa Romeo,18,16,0,Finished,19
2023,18,United States Grand Prix,zhou,Guanyu Zhou,Alfa Romeo,15,17,0,Finished,19
2023,18,United States Grand Prix,kevin_magnussen,Kevin Magnussen,Haas F1 Team,17,18,0,Finished,19
2023,18,United States Grand Prix,sargeant,Logan Sargeant,Williams,20,19,0,Finished,19
2023,18,United States Grand Prix,stroll,Lance Stroll,Aston Martin,14,20,0,Brakes,16
2023,20,São Paulo Grand Prix,max_verstappen,Max Verstappen,Red Bull,2,1,8,Finished,24
2023,20,São Paulo Grand Prix,norris,Lando Norris,McLaren,1,2,7,Finished,24
2023,20,São Paulo Grand Prix,perez,Sergio Pérez,Red Bull,3,3,6,Finished,24
2023,20,São Paulo Grand Prix,russell,George Russell,Mercedes,4,4,5,Finished,24
2023,20,São Paulo Grand Prix,leclerc,Charles Leclerc,Ferrari,7,5,4,Finished,24
2023,20,São Paulo Grand Prix,tsunoda,Yuki Tsunoda,AlphaTauri,6,6,3,Finished,24
2023,20,São Paulo Grand Prix,hamilton,Lewis Hamilton,Mercedes,5,7,2,Finished,24
2023,20,São Paulo Grand Prix,sainz,Carlos Sainz,Ferrari,9,8,1,Finished,24
2023,20,São Paulo Grand Prix,ricciardo,Daniel Ricciardo,AlphaTauri,8,9,0,Finished,24
2023,20,São Paulo Grand Prix,piastri,Oscar Piastri,McLaren,10,10,0,Finished,24
2023,20,São Paulo Grand Prix,alonso,Fernando Alonso,Aston Martin,15,11,0,Finished,24
2023,20,São Paulo Grand Prix,stroll,Lance Stroll,Aston Martin,17,12,0,Finished,24
2023,20,São Paulo Grand Prix,gasly,Pierre Gasly,Alpine F1 Team,13,13,0,Finished,24
2023,20,São Paulo Grand Prix,ocon,Esteban Ocon,Alpine F1 Team,16,14,0,Finished,24
2023,20,São Paulo Grand Prix,albon,Alexander Albon,Williams,19,15,0,Finished,24
2023,20,São Paulo Grand Prix,kevin_magnussen,Kevin Magnussen,Haas F1 Team,11,16,0,Finished,24
2023,20,São Paulo Grand Prix,zhou,Guanyu Zhou,Alfa Romeo,18,17,0,Finished,24
2023,20,São Paulo Grand Prix,hulkenberg,Nico Hülkenberg,Haas F1 Team,12,18,0,Finished,24
2023,20,São Paulo Grand Prix,bottas,Valtteri Bottas,Alfa Romeo,14,19,0,Finished,24
2023,20,São Paulo Grand Prix,sargeant,Logan Sargeant,Williams,20,20,0,Finished,24
2024,5,Chinese Grand Prix,max_verstappen,Max Verstappen,Red Bull,4,1,8,Finished,19
2024,5,Chinese Grand Prix,hamilton,Lewis Hamilton,Mercedes,2,2,7,Finished,19
2024,5,Chinese Grand Prix,perez,Sergio Pérez,Red Bull,6,3,6,Finished,19
2024,5,Chinese Grand Prix,leclerc,Charles Leclerc,Ferrari,7,4,5,Finished,19
2024,5,Chinese Grand Prix,sainz,Carlos Sainz,Ferrari,5,5,4,Finished,19
2024,5,Chinese Grand Prix,norris,Lando Norris,McLaren,1,6,3,Finished,19
2024,5,Chinese Grand Prix,piastri,Oscar Piastri,McLaren,8,7,2,Finished,19
2024,5,Chinese Grand Prix,russell,George Russell,Mercedes,11,8,1,Finished,19
2024,5,Chinese Grand Prix,zhou,Guanyu Zhou,Sauber,10,9,0,Finished,19
2024,5,Chinese Grand Prix,kevin_magnussen,Kevin Magnussen,Haas F1 Team,12,10,0,Finished,19
2024,5,Chinese Grand Prix,ricciardo,Daniel Ricciardo,RB F1 Team,14,11,0,Finished,19
2024,5,Chinese Grand Prix,bottas,Valtteri Bottas,Sauber,9,12,0,Finished,19
2024,5,Chinese Grand Prix,ocon,Esteban Ocon,Alpine F1 Team,17,13,0,Finished,19
2024,5,Chinese Grand Prix,stroll,Lance Stroll,Aston Martin,15,14,0,Finished,19
2024,5,Chinese Grand Prix,gasly,Pierre Gasly,Alpine F1 Team,16,15,0,Finished,19
2024,5,Chinese Grand Prix,tsunoda,Yuki Tsunoda,RB F1 Team,19,16,0,Finished,19
2024,5,Chinese Grand Prix,albon,Alexander Albon,Williams,18,17,0,Finished,19
2024,5,Chinese Grand Prix,sargeant,Logan Sargeant,Williams,20,18,0,Finished,19
2024,5,Chinese Grand Prix,hulkenberg,Nico Hülkenberg,Haas F1 Team,13,19,0,Finished,19
2024,5,Chinese Grand Prix,alonso,Fernando Alonso,Aston Martin,3,20,0,Retired,17
2024,6,Miami Grand Prix,max_verstappen,Max Verstappen,Red Bull,1,1,8,Finished,19
2024,6,Miami Grand Prix,leclerc,Charles Leclerc,Ferrari,2,2,7,Finished,19
2024,6,Miami Grand Prix,perez,Sergio Pérez,Red Bull,3,3,6,Finished,19
2024,6,Miami Grand Prix,ricciardo,Daniel Ricciardo,RB F1 Team,4,4,5,Finished,19
2024,6,Miami Grand Prix,sainz,Carlos Sainz,Ferrari,5,5,4,Finished,19
2024,6,Miami Grand Prix,piastri,Oscar Piastri,McLaren,6,6,3,Finished,19
2024,6,Miami Grand Prix,hulkenberg,Nico Hülkenberg,Haas F1 Team,10,7,2,Finished,19
2024,6,Miami Grand Prix,tsunoda,Yuki Tsunoda,RB F1 Team,15,8,1,Finished,19
2024,6,Miami Grand Prix,gasly,Pierre Gasly,Alpine F1 Team,16,9,0,Finished,19
2024,6,Miami Grand Prix,sargeant,Logan Sargeant,Williams,18,10,0,Finished,19
2024,6,Miami Grand Prix,zhou,Guanyu Zhou,Sauber,17,11,0,Finished,19
2024,6,Miami Grand Prix,russell,George Russell,Mercedes,11,12,0,Finished,19
2024,6,Miami Grand Prix,albon,Alexander Albon,Williams,20,13,0,Finished,19
2024,6,Miami Grand Prix,bottas,Valtteri Bottas,Sauber,19,14,0,Finished,19
2024,6,Miami Grand Prix,ocon,Esteban Ocon,Alpine F1 Team,13,15,0,Finished,19
2024,6,Miami Grand Prix,hamilton,Lewis Hamilton,Mercedes,12,16,0,Finished,19
2024,6,Miami Grand Prix,alonso,Fernando Alonso,Aston Martin,8,17,0,Finished,19
2024,6,Miami Grand Prix,kevin_magnussen,Kevin Magnussen,Haas F1 Team,14,18,0,Finished,19
2024,6,Miami Grand Prix,stroll,Lance Stroll,Aston Martin,7,19,0,Retired,1
2024,6,Miami Grand Prix,norris,Lando Norris,McLaren,9,20,0,Retired,0
2024,11,Austrian Grand Prix,max_verstappen,Max Verstappen,Red Bull,1,1,8,Finished,23
2024,11,Austrian Grand Prix,piastri,Oscar Piastri,McLaren,3,2,7,Finished,23
2024,11,Austrian Grand Prix,norris,Lando Norris,McLaren,2,3,6,Finished,23
2024,11,Austrian Grand Prix,russell,George Russell,Mercedes,4,4,5,Finished,23
2024,11,Austrian Grand Prix,sainz,Carlos Sainz,Ferrari,5,5,4,Finished,23
2024,11,Austrian Grand Prix,hamilton,Lewis Hamilton,Mercedes,6,6,3,Finished,23
2024,11,Austrian Grand Prix,leclerc,Charles Leclerc,Ferrari,10,7,2,Finished,23
2024,11,Austrian Grand Prix,perez,Sergio Pérez,Red Bull,7,8,1,Finished,23
2024,11,Austrian Grand Prix,kevin_magnussen,Kevin Magnussen,Haas F1 Team,11,9,0,Finished,23
2024,11,Austrian Grand Prix,stroll,Lance Stroll,Aston Martin,12,10,0,Finished,23
2024,11,Austrian Grand Prix,ocon,Esteban Ocon,Alpine F1 Team,8,11,0,Finished,23
2024,11,Austrian Grand Prix,gasly,Pierre Gasly,Alpine F1 Team,9,12,0,Finished,23
2024,11,Austrian Grand Prix,tsunoda,Yuki Tsunoda,RB F1 Team,14,13,0,Finished,23
2024,11,Austrian Grand Prix,ricciardo,Daniel Ricciardo,RB F1 Team,16,14,0,Finished,23
2024,11,Austrian Grand Prix,alonso,Fernando Alonso,Aston Martin,13,15,0,Finished,23
2024,11,Austrian Grand Prix,sargeant,Logan Sargeant,Williams,15,16,0,Finished,23
2024,11,Austrian Grand Prix,albon,Alexander Albon,Williams,20,17,0,Finished,23
2024,11,Austrian Grand Prix,bottas,Valtteri Bottas,Sauber,18,18,0,Finished,23
2024,11,Austrian Grand Prix,hulkenberg,Nico Hülkenberg,Haas F1 Team,17,19,0,Finished,23
2024,11,Austrian Grand Prix,zhou,Guanyu Zhou,Sauber,19,20,0,Finished,23
2024,19,United States Grand Prix,max_verstappen,Max Verstappen,Red Bull,1,1,8,Finished,19
2024,19,United States Grand Prix,sainz,Carlos Sainz,Ferrari,5,2,7,Finished,19
2024,19,United States Grand Prix,norris,Lando Norris,McLaren,4,3,6,Finished,19
2024,19,United States Grand Prix,leclerc,Charles Leclerc,Ferrari,3,4,5,Finished,19
2024,19,United States Grand Prix,russell,George Russell,Mercedes,2,5,4,Finished,19
2024,19,United States Grand Prix,hamilton,Lewis Hamilton,Mercedes,7,6,3,Finished,19
2024,19,United States Grand Prix,kevin_magnussen,Kevin Magnussen,Haas F1 Team,8,7,2,Finished,19
2024,19,United States Grand Prix,hulkenberg,Nico Hülkenberg,Haas F1 Team,6,8,1,Finished,19
2024,19,United States Grand Prix,perez,Sergio Pérez,Red Bull,11,9,0,Finished,19
2024,19,United States Grand Prix,piastri,Oscar Piastri,McLaren,16,10,0,Finished,19
2024,19,United States Grand Prix,tsunoda,Yuki Tsunoda,RB F1 Team,9,11,0,Finished,19
2024,19,United States Grand Prix,colapinto,Franco Colapinto,Williams,10,12,0,Finished,19
2024,19,United States Grand Prix,stroll,Lance Stroll,Aston Martin,13,13,0,Finished,19
2024,19,United States Grand Prix,gasly,Pierre Gasly,Alpine F1 Team,12,14,0,Finished,19
2024,19,United States Grand Prix,ocon,Esteban Ocon,Alpine F1 Team,17,15,0,Finished,19
2024,19,United States Grand Prix,lawson,Liam Lawson,RB F1 Team,15,16,0,Finished,19
2024,19,United States Grand Prix,albon,Alexander Albon,Williams,20,17,0,Finished,19
2024,19,United States Grand Prix,alonso,Fernando Alonso,Aston Martin,14,18,0,Finished,19
2024,19,United States Grand Prix,zhou,Guanyu Zhou,Sauber,19,19,0,Finished,19
2024,19,United States Grand Prix,bottas,Valtteri Bottas,Sauber,18,20,0,Finished,19
2024,21,São Paulo Grand Prix,norris,Lando Norris,McLaren,2,1,8,Finished,24
2024,21,São Paulo Grand Prix,piastri,Oscar Piastri,McLaren,1,2,7,Finished,24
2024,21,São Paulo Grand Prix,leclerc,Charles Leclerc,Ferrari,3,3,6,Finished,24
2024,21,São Paulo Grand Prix,max_verstappen,Max Verstappen,Red Bull,4,4,5,Finished,24
2024,21,São Paulo Grand Prix,sainz,Carlos Sainz,Ferrari,5,5,4,Finished,24
2024,21,São Paulo Grand Prix,russell,George Russell,Mercedes,6,6,3,Finished,24
2024,21,São Paulo Grand Prix,gasly,Pierre Gasly,Alpine F1 Team,7,7,2,Finished,24
2024,21,São Paulo Grand Prix,perez,Sergio Pérez,Red Bull,13,8,1,Finished,24
2024,21,São Paulo Grand Prix,lawson,Liam Lawson,RB F1 Team,8,9,0,Finished,24
2024,21,São Paulo Grand Prix,albon,Alexander Albon,Williams,9,10,0,Finished,24
2024,21,São Paulo Grand Prix,hamilton,Lewis Hamilton,Mercedes,11,11,0,Finished,24
2024,21,São Paulo Grand Prix,colapinto,Franco Colapinto,Williams,14,12,0,Finished,24
2024,21,São Paulo Grand Prix,ocon,Esteban Ocon,Alpine F1 Team,16,13,0,Finished,24
2024,21,São Paulo Grand Prix,bearman,Oliver Bearman,Haas F1 Team,10,14,0,Finished,24
2024,21,São Paulo Grand Prix,tsunoda,Yuki Tsunoda,RB F1 Team,17,15,0,Finished,24
2024,21,São Paulo Grand Prix,bottas,Valtteri Bottas,Sauber,15,16,0,Finished,24
2024,21,São Paulo Grand Prix,zhou,Guanyu Zhou,Sauber,20,17,0,Finished,24
2024,21,São Paulo Grand Prix,alonso,Fernando Alonso,Aston Martin,18,18,0,Finished,24
2024,21,São Paulo Grand Prix,stroll,Lance Stroll,Aston Martin,19,19,0,Finished,24
2024,21,São Paulo Grand Prix,hulkenberg,Nico Hülkenberg,Haas F1 Team,12,20,0,Retired,19
2024,23,Qatar Grand Prix,piastri,Oscar Piastri,McLaren,3,1,8,Finished,19
2024,23,Qatar Grand Prix,norris,Lando Norris,McLaren,1,2,7,Finished,19
2024,23,Qatar Grand Prix,russell,George Russell,Mercedes,2,3,6,Finished,19
2024,23,Qatar Grand Prix,sainz,Carlos Sainz,Ferrari,4,4,5,Finished,19
2024,23,Qatar Grand Prix,leclerc,Charles Leclerc,Ferrari,5,5,4,Finished,19
2024,23,Qatar Grand Prix,hamilton,Lewis Hamilton,Mercedes,7,6,3,Finished,19
2024,23,Qatar Grand Prix,hulkenberg,Nico Hülkenberg,Haas F1 Team,9,7,2,Finished,19
2024,23,Qatar Grand Prix,max_verstappen,Max Verstappen,Red Bull,6,8,1,Finished,19
2024,23,Qatar Grand Prix,gasly,Pierre Gasly,Alpine F1 Team,8,9,0,Finished,19
2024,23,Qatar Grand Prix,kevin_magnussen,Kevin Magnussen,Haas F1 Team,15,10,0,Finished,19
2024,23,Qatar Grand Prix,alonso,Fernando Alonso,Aston Martin,11,11,0,Finished,19
2024,23,Qatar Grand Prix,bottas,Valtteri Bottas,Sauber,13,12,0,Finished,19
2024,23,Qatar Grand Prix,stroll,Lance Stroll,Aston Martin,14,13,0,Finished,19
2024,23,Qatar Grand Prix,ocon,Esteban Ocon,Alpine F1 Team,17,14,0,Finished,19
2024,23,Qatar Grand Prix,albon,Alexander Albon,Williams,12,15,0,Finished,19
2024,23,Qatar Grand Prix,lawson,Liam Lawson,RB F1 Team,10,16,0,Finished,19
2024,23,Qatar Grand Prix,tsunoda,Yuki Tsunoda,RB F1 Team,16,17,0,Finished,19
2024,23,Qatar Grand Prix,colapinto,Franco Colapinto,Williams,20,18,0,Finished,19
2024,23,Qatar Grand Prix,zhou,Guanyu Zhou,Sauber,18,19,0,Finished,19
2024,23,Qatar Grand Prix,perez,Sergio Pérez,Red Bull,19,20,0,Finished,19
2025,2,Chinese Grand Prix,hamilton,Lewis Hamilton,Ferrari,1,1,8,Finished,19
2025,2,Chinese Grand Prix,piastri,Oscar Piastri,McLaren,3,2,7,Finished,19
2025,2,Chinese Grand Prix,max_verstappen,Max Verstappen,Red Bull,2,3,6,Finished,19
2025,2,Chinese Grand Prix,russell,George Russell,Mercedes,5,4,5,Finished,19
2025,2,Chinese Grand Prix,leclerc,Charles Leclerc,Ferrari,4,5,4,Finished,19
2025,2,Chinese Grand Prix,tsunoda,Yuki Tsunoda,RB F1 Team,8,6,3,Finished,19
2025,2,Chinese Grand Prix,antonelli,Andrea Kimi Antonelli,Mercedes,7,7,2,Finished,19
2025,2,Chinese Grand Prix,norris,Lando Norris,McLaren,6,8,1,Finished,19
2025,2,Chinese Grand Prix,stroll,Lance Stroll,Aston Martin,10,9,0,Finished,19
2025,2,Chinese Grand Prix,alonso,Fernando Alonso,Aston Martin,11,10,0,Finished,19
2025,2,Chinese Grand Prix,albon,Alexander Albon,Williams,9,11,0,Finished,19
2025,2,Chinese Grand Prix,gasly,Pierre Gasly,Alpine F1 Team,17,12,0,Finished,19
2025,2,Chinese Grand Prix,hadjar,Isack Hadjar,RB F1 Team,15,13,0,Finished,19
2025,2,Chinese Grand Prix,lawson,Liam Lawson,Red Bull,19,14,0,Finished,19
2025,2,Chinese Grand Prix,bearman,Oliver Bearman,Haas F1 Team,12,15,0,Finished,19
2025,2,Chinese Grand Prix,ocon,Esteban Ocon,Haas F1 Team,18,16,0,Finished,19
2025,2,Chinese Grand Prix,sainz,Carlos Sainz,Williams,13,17,0,Finished,19
2025,2,Chinese Grand Prix,bortoleto,Gabriel Bortoleto,Sauber,14,18,0,Finished,19
2025,2,Chinese Grand Prix,hulkenberg,Nico Hülkenberg,Sauber,20,19,0,Finished,19
2025,2,Chinese Grand Prix,doohan,Jack Doohan,Alpine F1 Team,16,20,0,Finished,19
2025,6,Miami Grand Prix,norris,Lando Norris,McLaren,3,1,8,Finished,18
2025,6,Miami Grand Prix,piastri,Oscar Piastri,McLaren,2,2,7,Finished,18
2025,6,Miami Grand Prix,hamilton,Lewis Hamilton,Ferrari,7,3,6,Finished,18
2025,6,Miami Grand Prix,russell,George Russell,Mercedes,5,4,5,Finished,18
2025,6,Miami Grand Prix,stroll,Lance Stroll,Aston Martin,16,5,4,Finished,18
2025,6,Miami Grand Prix,tsunoda,Yuki Tsunoda,Red Bull,20,6,3,Finished,18
2025,6,Miami Grand Prix,antonelli,Andrea Kimi Antonelli,Mercedes,1,7,2,Finished,18
2025,6,Miami Grand Prix,gasly,Pierre Gasly,Alpine F1 Team,13,8,1,Finished,18
2025,6,Miami Grand Prix,hulkenberg,Nico Hülkenberg,Sauber,11,9,0,Finished,18
2025,6,Miami Grand Prix,hadjar,Isack Hadjar,RB F1 Team,9,10,0,Finished,18
2025,6,Miami Grand Prix,albon,Alexander Albon,Williams,8,11,0,Finished,18
2025,6,Miami Grand Prix,ocon,Esteban Ocon,Haas F1 Team,12,12,0,Finished,18
2025,6,Miami Grand Prix,lawson,Liam Lawson,RB F1 Team,14,13,0,Finished,18
2025,6,Miami Grand Prix,bearman,Oliver Bearman,Haas F1 Team,19,14,0,Finished,18
2025,6,Miami Grand Prix,bortoleto,Gabriel Bortoleto,Sauber,18,15,0,Finished,18
2025,6,Miami Grand Prix,doohan,Jack Doohan,Alpine F1 Team,17,16,0,Finished,18
2025,6,Miami Grand Prix,max_verstappen,Max Verstappen,Red Bull,4,17,0,Finished,18
2025,6,Miami Grand Prix,alonso,Fernando Alonso,Aston Martin,10,18,0,Retired,13
2025,6,Miami Grand Prix,sainz,Carlos Sainz,Williams,15,19,0,Retired,12
2025,6,Miami Grand Prix,leclerc,Charles Leclerc,Ferrari,6,20,0,Retired,0
2025,13,Belgian Grand Prix,max_verstappen,Max Verstappen,Red Bull,2,1,8,Finished,15
2025,13,Belgian Grand Prix,piastri,Oscar Piastri,McLaren,1,2,7,Finished,15
2025,13,Belgian Grand Prix,norris,Lando Norris,McLaren,3,3,6,Finished,15
2025,13,Belgian Grand Prix,leclerc,Charles Leclerc,Ferrari,4,4,5,Finished,15
2025,13,Belgian Grand Prix,ocon,Esteban Ocon,Haas F1 Team,5,5,4,Finished,15
2025,13,Belgian Grand Prix,sainz,Carlos Sainz,Williams,6,6,3,Finished,15
2025,13,Belgian Grand Prix,bearman,Oliver Bearman,Haas F1 Team,7,7,2,Finished,15
2025,13,Belgian Grand Prix,hadjar,Isack Hadjar,RB F1 Team,9,8,1,Finished,15
2025,13,Belgian Grand Prix,bortoleto,Gabriel Bortoleto,Sauber,10,9,0,Finished,15
2025,13,Belgian Grand Prix,lawson,Liam Lawson,RB F1 Team,11,10,0,Finished,15
2025,13,Belgian Grand Prix,tsunoda,Yuki Tsunoda,Red Bull,12,11,0,Finished,15
2025,13,Belgian Grand Prix,russell,George Russell,Mercedes,13,12,0,Finished,15
2025,13,Belgian Grand Prix,stroll,Lance Stroll,Aston Martin,15,13,0,Finished,15
2025,13,Belgian Grand Prix,alonso,Fernando Alonso,Aston Martin,14,14,0,Finished,15
2025,13,Belgian Grand Prix,hamilton,Lewis Hamilton,Ferrari,18,15,0,Finished,15
2025,13,Belgian Grand Prix,albon,Alexander Albon,Williams,16,16,0,Finished,15
2025,13,Belgian Grand Prix,antonelli,Andrea Kimi Antonelli,Mercedes,19,17,0,Finished,15
2025,13,Belgian Grand Prix,hulkenberg,Nico Hülkenberg,Sauber,17,18,0,Finished,15
2025,13,Belgian Grand Prix,colapinto,Franco Colapinto,Alpine F1 Team,20,19,0,Finished,15
2025,13,Belgian Grand Prix,gasly,Pierre Gasly,Alpine F1 Team,8,20,0,Retired,12
2025,19,United States Grand Prix,max_verstappen,Max Verstappen,Red Bull,1,1,8,Finished,19
2025,19,United States Grand Prix,russell,George Russell,Mercedes,5,2,7,Finished,19
2025,19,United States Grand Prix,sainz,Carlos Sainz,Williams,7,3,6,Finished,19
2025,19,United States Grand Prix,hamilton,Lewis Hamilton,Ferrari,8,4,5,Finished,19
2025,19,United States Grand Prix,leclerc,Charles Leclerc,Ferrari,10,5,4,Finished,19
2025,19,United States Grand Prix,albon,Alexander Albon,Williams,9,6,3,Finished,19
2025,19,United States Grand Prix,tsunoda,Yuki Tsunoda,Red Bull,18,7,2,Finished,19
2025,19,United States Grand Prix,antonelli,Andrea Kimi Antonelli,Mercedes,11,8,1,Finished,19
2025,19,United States Grand Prix,lawson,Liam Lawson,RB F1 Team,15,9,0,Finished,19
2025,19,United States Grand Prix,gasly,Pierre Gasly,Alpine F1 Team,13,10,0,Finished,19
2025,19,United States Grand Prix,bortoleto,Gabriel Bortoleto,Sauber,20,11,0,Finished,19
2025,19,United States Grand Prix,hadjar,Isack Hadjar,RB F1 Team,12,12,0,Finished,19
2025,19,United States Grand Prix,hulkenberg,Nico Hülkenberg,Sauber,4,13,0,Finished,19
2025,19,United States Grand Prix,colapinto,Franco Colapinto,Alpine F1 Team,17,14,0,Finished,19
2025,19,United States Grand Prix,bearman,Oliver Bearman,Haas F1 Team,16,15,0,Finished,19
2025,19,United States Grand Prix,ocon,Esteban Ocon,Haas F1 Team,19,16,0,Retired,15
2025,19,United States Grand Prix,stroll,Lance Stroll,Aston Martin,14,17,0,Retired,15
2025,19,United States Grand Prix,norris,Lando Norris,McLaren,2,18,0,Retired,0
2025,19,United States Grand Prix,piastri,Oscar Piastri,McLaren,3,19,0,Retired,0
2025,19,United States Grand Prix,alonso,Fernando Alonso,Aston Martin,6,20,0,Retired,0
2025,21,São Paulo Grand Prix,norris,Lando Norris,McLaren,1,1,8,Finished,24
2025,21,São Paulo Grand Prix,antonelli,Andrea Kimi Antonelli,Mercedes,2,2,7,Finished,24
2025,21,São Paulo Grand Prix,russell,George Russell,Mercedes,4,3,6,Finished,24
2025,21,São Paulo Grand Prix,max_verstappen,Max Verstappen,Red Bull,6,4,5,Finished,24
2025,21,São Paulo Grand Prix,leclerc,Charles Leclerc,Ferrari,8,5,4,Finished,24
2025,21,São Paulo Grand Prix,alonso,Fernando Alonso,Aston Martin,5,6,3,Finished,24
2025,21,São Paulo Grand Prix,hamilton,Lewis Hamilton,Ferrari,11,7,2,Finished,24
2025,21,São Paulo Grand Prix,gasly,Pierre Gasly,Alpine F1 Team,13,8,1,Finished,24
2025,21,São Paulo Grand Prix,stroll,Lance Stroll,Aston Martin,7,9,0,Finished,24
2025,21,São Paulo Grand Prix,hadjar,Isack Hadjar,RB F1 Team,9,10,0,Finished,24
2025,21,São Paulo Grand Prix,ocon,Esteban Ocon,Haas F1 Team,18,11,0,Finished,24
2025,21,São Paulo Grand Prix,bearman,Oliver Bearman,Haas F1 Team,15,12,0,Finished,24
2025,21,São Paulo Grand Prix,tsunoda,Yuki Tsunoda,Red Bull,19,13,0,Finished,24
2025,21,São Paulo Grand Prix,sainz,Carlos Sainz,Williams,20,14,0,Finished,24
2025,21,São Paulo Grand Prix,hulkenberg,Nico Hülkenberg,Sauber,10,15,0,Finished,24
2025,21,São Paulo Grand Prix,lawson,Liam Lawson,RB F1 Team,17,16,0,Finished,24
2025,21,São Paulo Grand Prix,albon,Alexander Albon,Williams,12,17,0,Finished,24
2025,21,São Paulo Grand Prix,bortoleto,Gabriel Bortoleto,Sauber,14,18,0,Retired,23
2025,21,São Paulo Grand Prix,piastri,Oscar Piastri,McLaren,3,19,0,Retired,5
2025,21,São Paulo Grand Prix,colapinto,Franco Colapinto,Alpine F1 Team,16,20,0,Retired,5
2025,23,Qatar Grand Prix,piastri,Oscar Piastri,McLaren,1,1,8,Finished,19
2025,23,Qatar Grand Prix,russell,George Russell,Mercedes,2,2,7,Finished,19
2025,23,Qatar Grand Prix,norris,Lando Norris,McLaren,3,3,6,Finished,19
2025,23,Qatar Grand Prix,max_verstappen,Max Verstappen,Red Bull,6,4,5,Finished,19
2025,23,Qatar Grand Prix,tsunoda,Yuki Tsunoda,Red Bull,5,5,4,Finished,19
2025,23,Qatar Grand Prix,antonelli,Andrea Kimi Antonelli,Mercedes,7,6,3,Finished,19
2025,23,Qatar Grand Prix,alonso,Fernando Alonso,Aston Martin,4,7,2,Finished,19
2025,23,Qatar Grand Prix,sainz,Carlos Sainz,Williams,8,8,1,Finished,19
2025,23,Qatar Grand Prix,hadjar,Isack Hadjar,RB F1 Team,11,9,0,Finished,19
2025,23,Qatar Grand Prix,albon,Alexander Albon,Williams,10,10,0,Finished,19
2025,23,Qatar Grand Prix,bortoleto,Gabriel Bortoleto,Sauber,13,11,0,Finished,19
2025,23,Qatar Grand Prix,bearman,Oliver Bearman,Haas F1 Team,12,12,0,Finished,19
2025,23,Qatar Grand Prix,leclerc,Charles Leclerc,Ferrari,9,13,0,Finished,19
2025,23,Qatar Grand Prix,lawson,Liam Lawson,RB F1 Team,16,14,0,Finished,19
2025,23,Qatar Grand Prix,ocon,Esteban Ocon,Haas F1 Team,15,15,0,Finished,19
2025,23,Qatar Grand Prix,hulkenberg,Nico Hülkenberg,Sauber,14,16,0,Finished,19
2025,23,Qatar Grand Prix,hamilton,Lewis Hamilton,Ferrari,18,17,0,Finished,19
2025,23,Qatar Grand Prix,gasly,Pierre Gasly,Alpine F1 Team,19,18,0,Finished,19
2025,23,Qatar Grand Prix,stroll,Lance Stroll,Aston Martin,17,19,0,Finished,19
2025,23,Qatar Grand Prix,colapinto,Franco Colapinto,Alpine F1 Team,20,20,0,Finished,19
